id,sequence,base_pairs
prueba0,CCCGAACGUUUACUUUUCGGG,"[[1, 21], [2, 20], [3, 19], [4, 18], [5, 17], [6, 16]]"
prueba1,AACUUGAGACAUCUCCAAGUU,"[[1, 21], [2, 20], [3, 19], [4, 18], [5, 17], [6, 16]]"
prueba2,UAUGUACUAAGAAGCUACAUA,"[[1, 21], [2, 20], [3, 19], [4, 18], [5, 17], [6, 16]]"
prueba3,UGUAGACCAAUACCGUCUACA,"[[1, 21], [2, 20], [3, 19], [4, 18], [5, 17], [6, 16]]"
prueba4,GAGUUGAGGUUUACGCAACUC,"[[1, 21], [2, 20], [3, 19], [4, 18], [5, 17], [6, 16]]"
prueba5,CGAACCUUUAUCGGCGGUUCG,"[[1, 21], [2, 20], [3, 19], [4, 18], [5, 17], [6, 16]]"
prueba6,GGAGUCGAUGUGCUAGACUCC,"[[1, 21], [2, 20], [3, 19], [4, 18], [5, 17], [6, 16]]"
prueba7,AUGUGGUUAAGUCAACCACAU,"[[1, 21], [2, 20], [3, 19], [4, 18], [5, 17], [6, 16]]"
prueba8,CCCAACUUGGUAUUUGUUGGG,"[[1, 21], [2, 20], [3, 19], [4, 18], [5, 17], [6, 16]]"
prueba9,CGUCGAUGUAGCAUUUCGACG,"[[1, 21], [2, 20], [3, 19], [4, 18], [5, 17], [6, 16]]"
prueba10,CUUCAGAUGCUAACCCUGAAG,"[[1, 21], [2, 20], [3, 19], [4, 18], [5, 17], [6, 16]]"
prueba11,AUGGUACACUAUACAUACCAU,"[[1, 21], [2, 20], [3, 19], [4, 18], [5, 17], [6, 16]]"
prueba12,GAGGGAGACCAAAUAUCCCUC,"[[1, 21], [2, 20], [3, 19], [4, 18], [5, 17], [6, 16]]"
prueba13,UAACAGUCAGGCCCACUGUUA,"[[1, 21], [2, 20], [3, 19], [4, 18], [5, 17], [6, 16]]"
prueba14,CGGGCUGGGAGACAGAGCCCG,"[[1, 21], [2, 20], [3, 19], [4, 18], [5, 17], [6, 16]]"
prueba15,UCGUGAGCUGCUGAGUCACGA,"[[1, 21], [2, 20], [3, 19], [4, 18], [5, 17], [6, 16]]"
prueba16,AUAAACGUGUCGAUCGUUUAU,"[[1, 21], [2, 20], [3, 19], [4, 18], [5, 17], [6, 16]]"
prueba17,ACGCUGAUCAGGGUACAGCGU,"[[1, 21], [2, 20], [3, 19], [4, 18], [5, 17], [6, 16]]"
prueba18,GCGACGCAUUUGCUGCGUCGC,"[[1, 21], [2, 20], [3, 19], [4, 18], [5, 17], [6, 16]]"
prueba19,AAGGCUCAGUCUUAUAGCCUU,"[[1, 21], [2, 20], [3, 19], [4, 18], [5, 17], [6, 16]]"
prueba20,GACAACAUGUCUGUGGUUGUC,"[[1, 21], [2, 20], [3, 19], [4, 18], [5, 17], [6, 16]]"
prueba21,AAGCCCGCAUACGCUGGGCUU,"[[1, 21], [2, 20], [3, 19], [4, 18], [5, 17], [6, 16]]"
prueba22,ACAUAAGGAGGUCAAUUAUGU,"[[1, 21], [2, 20], [3, 19], [4, 18], [5, 17], [6, 16]]"
prueba23,UUAAUGCCACUCACUCAUUAA,"[[1, 21], [2, 20], [3, 19], [4, 18], [5, 17], [6, 16]]"
prueba24,CAGCUUUUGUGUGCUAAGCUG,"[[1, 21], [2, 20], [3, 19], [4, 18], [5, 17], [6, 16]]"
prueba25,UGAGGACCCCGUACUUCCUCA,"[[1, 21], [2, 20], [3, 19], [4, 18], [5, 17], [6, 16]]"
prueba26,AGGUCUGGUACCAAGAGACCU,"[[1, 21], [2, 20], [3, 19], [4, 18], [5, 17], [6, 16]]"
prueba27,CCCUAGCCAACUGUCCUAGGG,"[[1, 21], [2, 20], [3, 19], [4, 18], [5, 17], [6, 16]]"
prueba28,AACCUCUGACACGUGGAGGUU,"[[1, 21], [2, 20], [3, 19], [4, 18], [5, 17], [6, 16]]"
prueba29,GCUUUCUGUUCUGUUGAAAGC,"[[1, 21], [2, 20], [3, 19], [4, 18], [5, 17], [6, 16]]"
prueba30,CUGUUAUCUACCCCUUAACAG,"[[1, 21], [2, 20], [3, 19], [4, 18], [5, 17], [6, 16]]"
prueba31,CUGGACAGGGGCCCGGUCCAG,"[[1, 21], [2, 20], [3, 19], [4, 18], [5, 17], [6, 16]]"
prueba32,GGUCGCGGUCCACUUGCGACC,"[[1, 21], [2, 20], [3, 19], [4, 18], [5, 17], [6, 16]]"
prueba33,CACUGACGAACGACCUCAGUG,"[[1, 21], [2, 20], [3, 19], [4, 18], [5, 17], [6, 16]]"
prueba34,AUGAAUUACAGUGGUAUUCAU,"[[1, 21], [2, 20], [3, 19], [4, 18], [5, 17], [6, 16]]"
prueba35,UAGGUCGAUCAAAAAGACCUA,"[[1, 21], [2, 20], [3, 19], [4, 18], [5, 17], [6, 16]]"
prueba36,AUCAGAGCCAGCCUGUCUGAU,"[[1, 21], [2, 20], [3, 19], [4, 18], [5, 17], [6, 16]]"
prueba37,UAGAUCGGUAUGGUAGAUCUA,"[[1, 21], [2, 20], [3, 19], [4, 18], [5, 17], [6, 16]]"
prueba38,GCGAUCGAUCUCCACGAUCGC,"[[1, 21], [2, 20], [3, 19], [4, 18], [5, 17], [6, 16]]"
prueba39,GUCGAAACUCCUUUAUUCGAC,"[[1, 21], [2, 20], [3, 19], [4, 18], [5, 17], [6, 16]]"
prueba40,UAACAAGGAUGGGGAUUGUUA,"[[1, 21], [2, 20], [3, 19], [4, 18], [5, 17], [6, 16]]"
prueba41,UGAGCUGGAUCGUUUAGCUCA,"[[1, 21], [2, 20], [3, 19], [4, 18], [5, 17], [6, 16]]"
prueba42,ACUUGCCUCUUAAAAGCAAGU,"[[1, 21], [2, 20], [3, 19], [4, 18], [5, 17], [6, 16]]"
prueba43,GGCGCGGCGACUAUUCGCGCC,"[[1, 21], [2, 20], [3, 19], [4, 18], [5, 17], [6, 16]]"
prueba44,GUCCUCUGUCCACACGAGGAC,"[[1, 21], [2, 20], [3, 19], [4, 18], [5, 17], [6, 16]]"
prueba45,GCCCAACUCGGCAUCUUGGGC,"[[1, 21], [2, 20], [3, 19], [4, 18], [5, 17], [6, 16]]"
prueba46,AGUACUCUCAAGGCGAGUACU,"[[1, 21], [2, 20], [3, 19], [4, 18], [5, 17], [6, 16]]"
prueba47,GGAGGGAACAUAUCACCCUCC,"[[1, 21], [2, 20], [3, 19], [4, 18], [5, 17], [6, 16]]"
prueba48,CCGUUACUCGACAACUAACGG,"[[1, 21], [2, 20], [3, 19], [4, 18], [5, 17], [6, 16]]"
prueba49,AAACUAUUUCGUGCUUAGUUU,"[[1, 21], [2, 20], [3, 19], [4, 18], [5, 17], [6, 16]]"
prueba50,AGCGCCCUGCAUUUAGGCGCU,"[[1, 21], [2, 20], [3, 19], [4, 18], [5, 17], [6, 16]]"
prueba51,GUUCGGAUGACCUGGCCGAAC,"[[1, 21], [2, 20], [3, 19], [4, 18], [5, 17], [6, 16]]"
prueba52,AGAUCUUGUAAAGGAAGAUCU,"[[1, 21], [2, 20], [3, 19], [4, 18], [5, 17], [6, 16]]"
prueba53,AUUAAACCCUGAAGCUUUAAU,"[[1, 21], [2, 20], [3, 19], [4, 18], [5, 17], [6, 16]]"
prueba54,GGUGUACUCGGAGUUUACACC,"[[1, 21], [2, 20], [3, 19], [4, 18], [5, 17], [6, 16]]"
prueba55,GCCCUUUGAUCCACCAAGGGC,"[[1, 21], [2, 20], [3, 19], [4, 18], [5, 17], [6, 16]]"
prueba56,GUAUGCCAGUGACAUGCAUAC,"[[1, 21], [2, 20], [3, 19], [4, 18], [5, 17], [6, 16]]"
prueba57,GCACGGUUCAUAGCUCCGUGC,"[[1, 21], [2, 20], [3, 19], [4, 18], [5, 17], [6, 16]]"
prueba58,GAAGUCAGUAUUUGAGACUUC,"[[1, 21], [2, 20], [3, 19], [4, 18], [5, 17], [6, 16]]"
prueba59,AUGCAUCGCAAUAUCAUGCAU,"[[1, 21], [2, 20], [3, 19], [4, 18], [5, 17], [6, 16]]"
prueba60,AAUAGCGCGUGCCACGCUAUU,"[[1, 21], [2, 20], [3, 19], [4, 18], [5, 17], [6, 16]]"
prueba61,CGGUCCGCACCAGAUGGACCG,"[[1, 21], [2, 20], [3, 19], [4, 18], [5, 17], [6, 16]]"
prueba62,UACAUGUGUGAACGGCAUGUA,"[[1, 21], [2, 20], [3, 19], [4, 18], [5, 17], [6, 16]]"
prueba63,UACAUGAAGAAUUUGCAUGUA,"[[1, 21], [2, 20], [3, 19], [4, 18], [5, 17], [6, 16]]"
prueba64,UAUUUCCGUUGGCGUGAAAUA,"[[1, 21], [2, 20], [3, 19], [4, 18], [5, 17], [6, 16]]"
prueba65,UUAAGGAAUGCGAUUCCUUAA,"[[1, 21], [2, 20], [3, 19], [4, 18], [5, 17], [6, 16]]"
prueba66,CGUCAAGCGUCCAGGUUGACG,"[[1, 21], [2, 20], [3, 19], [4, 18], [5, 17], [6, 16]]"
prueba67,CAUGGUCCUUCGAUUACCAUG,"[[1, 21], [2, 20], [3, 19], [4, 18], [5, 17], [6, 16]]"
prueba68,CCAUACUAGGGUUACGUAUGG,"[[1, 21], [2, 20], [3, 19], [4, 18], [5, 17], [6, 16]]"
prueba69,ACGGAAUUUCCCCGAUUCCGU,"[[1, 21], [2, 20], [3, 19], [4, 18], [5, 17], [6, 16]]"
prueba70,UUUGGGGGUUUGGAACCCAAA,"[[1, 21], [2, 20], [3, 19], [4, 18], [5, 17], [6, 16]]"
prueba71,CAGGAAGGAUAAUCUUUCCUG,"[[1, 21], [2, 20], [3, 19], [4, 18], [5, 17], [6, 16]]"
prueba72,GACGGCUUGACAUUUGCCGUC,"[[1, 21], [2, 20], [3, 19], [4, 18], [5, 17], [6, 16]]"
prueba73,AUGACAAGAAAAAUUUGUCAU,"[[1, 21], [2, 20], [3, 19], [4, 18], [5, 17], [6, 16]]"
prueba74,GUGAACGGCCCUCAGGUUCAC,"[[1, 21], [2, 20], [3, 19], [4, 18], [5, 17], [6, 16]]"
prueba75,UAAAGGGCUUCAGCGCCUUUA,"[[1, 21], [2, 20], [3, 19], [4, 18], [5, 17], [6, 16]]"
prueba76,GGAUACUAAACAACAGUAUCC,"[[1, 21], [2, 20], [3, 19], [4, 18], [5, 17], [6, 16]]"
prueba77,GAGGAUAAAUGUUUCAUCCUC,"[[1, 21], [2, 20], [3, 19], [4, 18], [5, 17], [6, 16]]"
prueba78,CUGAGAUUGUCAUUCUCUCAG,"[[1, 21], [2, 20], [3, 19], [4, 18], [5, 17], [6, 16]]"
prueba79,CGGGUAAAUGUCUGAUACCCG,"[[1, 21], [2, 20], [3, 19], [4, 18], [5, 17], [6, 16]]"
prueba80,CUGUUGACAUCAGAUCAACAG,"[[1, 21], [2, 20], [3, 19], [4, 18], [5, 17], [6, 16]]"
prueba81,UUCAAAAACACUCGUUUUGAA,"[[1, 21], [2, 20], [3, 19], [4, 18], [5, 17], [6, 16]]"
prueba82,AUGCACACUCGUGUAGUGCAU,"[[1, 21], [2, 20], [3, 19], [4, 18], [5, 17], [6, 16]]"
prueba83,UCAGUCAAGGGCAAGGACUGA,"[[1, 21], [2, 20], [3, 19], [4, 18], [5, 17], [6, 16]]"
prueba84,GGAAAAAUGGCGUGCUUUUCC,"[[1, 21], [2, 20], [3, 19], [4, 18], [5, 17], [6, 16]]"
prueba85,UAUGGCCUGAUCUACGCCAUA,"[[1, 21], [2, 20], [3, 19], [4, 18], [5, 17], [6, 16]]"
prueba86,UAUUACUGGAAAGAAGUAAUA,"[[1, 21], [2, 20], [3, 19], [4, 18], [5, 17], [6, 16]]"
prueba87,CCCAUCCAAUGAUUCGAUGGG,"[[1, 21], [2, 20], [3, 19], [4, 18], [5, 17], [6, 16]]"
prueba88,CGUCUUGAAAUCCUAAAGACG,"[[1, 21], [2, 20], [3, 19], [4, 18], [5, 17], [6, 16]]"
prueba89,GGGUAAACACCACGUUUACCC,"[[1, 21], [2, 20], [3, 19], [4, 18], [5, 17], [6, 16]]"
prueba90,UGUCUGGAGGACUUGCAGACA,"[[1, 21], [2, 20], [3, 19], [4, 18], [5, 17], [6, 16]]"
prueba91,AUAUAGGAUCCCCCACUAUAU,"[[1, 21], [2, 20], [3, 19], [4, 18], [5, 17], [6, 16]]"
prueba92,CUUAUCCAUGAACGGGAUAAG,"[[1, 21], [2, 20], [3, 19], [4, 18], [5, 17], [6, 16]]"
prueba93,UCCGGACCCUUCGCCUCCGGA,"[[1, 21], [2, 20], [3, 19], [4, 18], [5, 17], [6, 16]]"
prueba94,GUGAGGUACUAACACCCUCAC,"[[1, 21], [2, 20], [3, 19], [4, 18], [5, 17], [6, 16]]"
prueba95,CCGUGUUUACAGGGCACACGG,"[[1, 21], [2, 20], [3, 19], [4, 18], [5, 17], [6, 16]]"
prueba96,CUUACAGGACCGCAGUGUAAG,"[[1, 21], [2, 20], [3, 19], [4, 18], [5, 17], [6, 16]]"
prueba97,UCCACUUGUGCAAAGAGUGGA,"[[1, 21], [2, 20], [3, 19], [4, 18], [5, 17], [6, 16]]"
prueba98,CCGAGACAAUCCAACUCUCGG,"[[1, 21], [2, 20], [3, 19], [4, 18], [5, 17], [6, 16]]"
prueba99,UCUACGCGGGCGAUUCGUAGA,"[[1, 21], [2, 20], [3, 19], [4, 18], [5, 17], [6, 16]]"
prueba100,AUCAAGGAACUAGAUCUUGAU,"[[1, 21], [2, 20], [3, 19], [4, 18], [5, 17], [6, 16]]"
prueba101,GCUAAUGACUGGUAGAUUAGC,"[[1, 21], [2, 20], [3, 19], [4, 18], [5, 17], [6, 16]]"
prueba102,UGGCCGUGCUCCAACCGGCCA,"[[1, 21], [2, 20], [3, 19], [4, 18], [5, 17], [6, 16]]"
prueba103,GAAAGUUGCUGGUGGACUUUC,"[[1, 21], [2, 20], [3, 19], [4, 18], [5, 17], [6, 16]]"
prueba104,UAUGCAGCUCCCGCCUGCAUA,"[[1, 21], [2, 20], [3, 19], [4, 18], [5, 17], [6, 16]]"
prueba105,UUUGCCCUUCUAAGGGGCAAA,"[[1, 21], [2, 20], [3, 19], [4, 18], [5, 17], [6, 16]]"
prueba106,UAGUGCCUUUAUGGGGCACUA,"[[1, 21], [2, 20], [3, 19], [4, 18], [5, 17], [6, 16]]"
prueba107,AUGGGAAGCUUUUUGUCCCAU,"[[1, 21], [2, 20], [3, 19], [4, 18], [5, 17], [6, 16]]"
prueba108,ACAACGUACAAUCUACGUUGU,"[[1, 21], [2, 20], [3, 19], [4, 18], [5, 17], [6, 16]]"
prueba109,UUAGAACGUAGGUCAUUCUAA,"[[1, 21], [2, 20], [3, 19], [4, 18], [5, 17], [6, 16]]"
prueba110,CACUCGGGUGUCAGACGAGUG,"[[1, 21], [2, 20], [3, 19], [4, 18], [5, 17], [6, 16]]"
prueba111,CACCGUGAUCCCCUCACGGUG,"[[1, 21], [2, 20], [3, 19], [4, 18], [5, 17], [6, 16]]"
prueba112,GAUCUAGAUCACCGAUAGAUC,"[[1, 21], [2, 20], [3, 19], [4, 18], [5, 17], [6, 16]]"
prueba113,UGUGGUUGAUGUUAGACCACA,"[[1, 21], [2, 20], [3, 19], [4, 18], [5, 17], [6, 16]]"
prueba114,AUCCCCCGACCCUGGGGGGAU,"[[1, 21], [2, 20], [3, 19], [4, 18], [5, 17], [6, 16]]"
prueba115,AACCUAGGAAUGUCGUAGGUU,"[[1, 21], [2, 20], [3, 19], [4, 18], [5, 17], [6, 16]]"
prueba116,CCAGUAUUGAUGUGAUACUGG,"[[1, 21], [2, 20], [3, 19], [4, 18], [5, 17], [6, 16]]"
prueba117,CAUGCACAUCACUGGUGCAUG,"[[1, 21], [2, 20], [3, 19], [4, 18], [5, 17], [6, 16]]"
prueba118,CAAGAAAACUUCUGCUUCUUG,"[[1, 21], [2, 20], [3, 19], [4, 18], [5, 17], [6, 16]]"
prueba119,AGACAAACAACCGUAUUGUCU,"[[1, 21], [2, 20], [3, 19], [4, 18], [5, 17], [6, 16]]"
prueba120,ACGCAUGAGGACGACAUGCGU,"[[1, 21], [2, 20], [3, 19], [4, 18], [5, 17], [6, 16]]"
prueba121,GGCCCGGGCAGGAUACGGGCC,"[[1, 21], [2, 20], [3, 19], [4, 18], [5, 17], [6, 16]]"
prueba122,AGUCACUUUGCUAGUGUGACU,"[[1, 21], [2, 20], [3, 19], [4, 18], [5, 17], [6, 16]]"
prueba123,ACUGGACUGAGCGCAUCCAGU,"[[1, 21], [2, 20], [3, 19], [4, 18], [5, 17], [6, 16]]"
prueba124,GCCUCCACGAUGGCAGGAGGC,"[[1, 21], [2, 20], [3, 19], [4, 18], [5, 17], [6, 16]]"
prueba125,AGACGGUAACGACUUCCGUCU,"[[1, 21], [2, 20], [3, 19], [4, 18], [5, 17], [6, 16]]"
prueba126,UGCCGAGCAGCCAACUCGGCA,"[[1, 21], [2, 20], [3, 19], [4, 18], [5, 17], [6, 16]]"
prueba127,AUUUCGAGGGCGAAACGAAAU,"[[1, 21], [2, 20], [3, 19], [4, 18], [5, 17], [6, 16]]"
prueba128,ACAUAAUCCAGCACUUUAUGU,"[[1, 21], [2, 20], [3, 19], [4, 18], [5, 17], [6, 16]]"
prueba129,GAGACAAAUGUGGCAUGUCUC,"[[1, 21], [2, 20], [3, 19], [4, 18], [5, 17], [6, 16]]"
prueba130,GUAGUGCCAAGGUCUCACUAC,"[[1, 21], [2, 20], [3, 19], [4, 18], [5, 17], [6, 16]]"
prueba131,AAGGCUUACUCGGGCAGCCUU,"[[1, 21], [2, 20], [3, 19], [4, 18], [5, 17], [6, 16]]"
prueba132,AUGACCUUGAUUGAAGGUCAU,"[[1, 21], [2, 20], [3, 19], [4, 18], [5, 17], [6, 16]]"
prueba133,UCCCUCCUCAUUGUCGAGGGA,"[[1, 21], [2, 20], [3, 19], [4, 18], [5, 17], [6, 16]]"
prueba134,UUGCGGUCCUCAAGCCCGCAA,"[[1, 21], [2, 20], [3, 19], [4, 18], [5, 17], [6, 16]]"
prueba135,AAGCAUUUAAUAAUCAUGCUU,"[[1, 21], [2, 20], [3, 19], [4, 18], [5, 17], [6, 16]]"
prueba136,CCAGUGGGUAGCACACACUGG,"[[1, 21], [2, 20], [3, 19], [4, 18], [5, 17], [6, 16]]"
prueba137,AAGUUGCCCAUCAUGCAACUU,"[[1, 21], [2, 20], [3, 19], [4, 18], [5, 17], [6, 16]]"
prueba138,GCCACACACAUUGAGUGUGGC,"[[1, 21], [2, 20], [3, 19], [4, 18], [5, 17], [6, 16]]"
prueba139,CCCUCUACCGCCUGAAGAGGG,"[[1, 21], [2, 20], [3, 19], [4, 18], [5, 17], [6, 16]]"
prueba140,CCAGAGGACGGUGCCCUCUGG,"[[1, 21], [2, 20], [3, 19], [4, 18], [5, 17], [6, 16]]"
prueba141,CUUGUUAUUAGGCCAAACAAG,"[[1, 21], [2, 20], [3, 19], [4, 18], [5, 17], [6, 16]]"
prueba142,GGCGCGGCAGCCGGACGCGCC,"[[1, 21], [2, 20], [3, 19], [4, 18], [5, 17], [6, 16]]"
prueba143,AUAAAGAAUCUUACGCUUUAU,"[[1, 21], [2, 20], [3, 19], [4, 18], [5, 17], [6, 16]]"
prueba144,AAUUUGUGAAUCUGACAAAUU,"[[1, 21], [2, 20], [3, 19], [4, 18], [5, 17], [6, 16]]"
prueba145,UCGGACCGCCUUGCUGUCCGA,"[[1, 21], [2, 20], [3, 19], [4, 18], [5, 17], [6, 16]]"
prueba146,AGAACGAGGGUCUAUCGUUCU,"[[1, 21], [2, 20], [3, 19], [4, 18], [5, 17], [6, 16]]"
prueba147,GGUUCCACCGUUUCCGGAACC,"[[1, 21], [2, 20], [3, 19], [4, 18], [5, 17], [6, 16]]"
prueba148,CCUAUUACCUUGGCUAAUAGG,"[[1, 21], [2, 20], [3, 19], [4, 18], [5, 17], [6, 16]]"
prueba149,UUCGCUCAUUUCUACAGCGAA,"[[1, 21], [2, 20], [3, 19], [4, 18], [5, 17], [6, 16]]"
prueba150,GUCCGCGAACCGAUUGCGGAC,"[[1, 21], [2, 20], [3, 19], [4, 18], [5, 17], [6, 16]]"
prueba151,GAAAACAUCCUUUUCGUUUUC,"[[1, 21], [2, 20], [3, 19], [4, 18], [5, 17], [6, 16]]"
prueba152,GGAAUCUUCUUGUUCGAUUCC,"[[1, 21], [2, 20], [3, 19], [4, 18], [5, 17], [6, 16]]"
prueba153,CUCAAAACCUCACUCUUUGAG,"[[1, 21], [2, 20], [3, 19], [4, 18], [5, 17], [6, 16]]"
prueba154,CCACCCAUAGAGGUGGGGUGG,"[[1, 21], [2, 20], [3, 19], [4, 18], [5, 17], [6, 16]]"
prueba155,AGAAUCACGGCCCACGAUUCU,"[[1, 21], [2, 20], [3, 19], [4, 18], [5, 17], [6, 16]]"
prueba156,ACUCUCUCCCGCACUGAGAGU,"[[1, 21], [2, 20], [3, 19], [4, 18], [5, 17], [6, 16]]"
prueba157,GAGUAUACACAUUUUAUACUC,"[[1, 21], [2, 20], [3, 19], [4, 18], [5, 17], [6, 16]]"
prueba158,ACCCCGCUCUAACGGCGGGGU,"[[1, 21], [2, 20], [3, 19], [4, 18], [5, 17], [6, 16]]"
prueba159,GUUGGUGGGCCCACCACCAAC,"[[1, 21], [2, 20], [3, 19], [4, 18], [5, 17], [6, 16]]"
prueba160,GGAUGAUGAUGGGCAUCAUCC,"[[1, 21], [2, 20], [3, 19], [4, 18], [5, 17], [6, 16]]"
prueba161,UCAACACCCCUAUCUUGUUGA,"[[1, 21], [2, 20], [3, 19], [4, 18], [5, 17], [6, 16]]"
prueba162,CGACGUCGCUCAACCACGUCG,"[[1, 21], [2, 20], [3, 19], [4, 18], [5, 17], [6, 16]]"
prueba163,AAGAGGGUCUUGACCCCUCUU,"[[1, 21], [2, 20], [3, 19], [4, 18], [5, 17], [6, 16]]"
prueba164,UUAUGACGAAGAACCUCAUAA,"[[1, 21], [2, 20], [3, 19], [4, 18], [5, 17], [6, 16]]"
prueba165,UCCCAGUAUAUCUAUCUGGGA,"[[1, 21], [2, 20], [3, 19], [4, 18], [5, 17], [6, 16]]"
prueba166,UCCUAAUGUUGCUUCUUAGGA,"[[1, 21], [2, 20], [3, 19], [4, 18], [5, 17], [6, 16]]"
prueba167,UUAACAAUUAUACAAUGUUAA,"[[1, 21], [2, 20], [3, 19], [4, 18], [5, 17], [6, 16]]"
prueba168,CUCUACGGCAGACAUGUAGAG,"[[1, 21], [2, 20], [3, 19], [4, 18], [5, 17], [6, 16]]"
prueba169,AUUUUGUGCAACCCCCAAAAU,"[[1, 21], [2, 20], [3, 19], [4, 18], [5, 17], [6, 16]]"
prueba170,GGCGACAACUUAGACGUCGCC,"[[1, 21], [2, 20], [3, 19], [4, 18], [5, 17], [6, 16]]"
prueba171,GUCUUAUAGCCCUUGUAAGAC,"[[1, 21], [2, 20], [3, 19], [4, 18], [5, 17], [6, 16]]"
prueba172,ACGAUUCAGCCCAACAAUCGU,"[[1, 21], [2, 20], [3, 19], [4, 18], [5, 17], [6, 16]]"
prueba173,AUCUCGCAUGCGGUGCGAGAU,"[[1, 21], [2, 20], [3, 19], [4, 18], [5, 17], [6, 16]]"
prueba174,GAGAUACAAUGGUAAUAUCUC,"[[1, 21], [2, 20], [3, 19], [4, 18], [5, 17], [6, 16]]"
prueba175,UAGUAUUGAAGUCUCAUACUA,"[[1, 21], [2, 20], [3, 19], [4, 18], [5, 17], [6, 16]]"
prueba176,CGGACUAUGCCGCGUAGUCCG,"[[1, 21], [2, 20], [3, 19], [4, 18], [5, 17], [6, 16]]"
prueba177,ACUCUAAAAUCCACUUAGAGU,"[[1, 21], [2, 20], [3, 19], [4, 18], [5, 17], [6, 16]]"
prueba178,AUAUAACUACUUGGGUUAUAU,"[[1, 21], [2, 20], [3, 19], [4, 18], [5, 17], [6, 16]]"
prueba179,GGAAUGGUUGUUUCUCAUUCC,"[[1, 21], [2, 20], [3, 19], [4, 18], [5, 17], [6, 16]]"
prueba180,AACCGCUGGCCAUCGGCGGUU,"[[1, 21], [2, 20], [3, 19], [4, 18], [5, 17], [6, 16]]"
prueba181,CGCUUGGGUAAAGGACAAGCG,"[[1, 21], [2, 20], [3, 19], [4, 18], [5, 17], [6, 16]]"
prueba182,CGGGUUGUCACUGCGAACCCG,"[[1, 21], [2, 20], [3, 19], [4, 18], [5, 17], [6, 16]]"
prueba183,UGAAGUCCAUAAAAAACUUCA,"[[1, 21], [2, 20], [3, 19], [4, 18], [5, 17], [6, 16]]"
prueba184,CGUCUGUACGUUGGCCAGACG,"[[1, 21], [2, 20], [3, 19], [4, 18], [5, 17], [6, 16]]"
prueba185,CGAGUUGCGGUGUCCAACUCG,"[[1, 21], [2, 20], [3, 19], [4, 18], [5, 17], [6, 16]]"
prueba186,UGCGAGCGCUCGUGACUCGCA,"[[1, 21], [2, 20], [3, 19], [4, 18], [5, 17], [6, 16]]"
prueba187,UUACCUCCUGCCACGAGGUAA,"[[1, 21], [2, 20], [3, 19], [4, 18], [5, 17], [6, 16]]"
prueba188,UCAACACUAGCGUUUUGUUGA,"[[1, 21], [2, 20], [3, 19], [4, 18], [5, 17], [6, 16]]"
prueba189,CUGGCAAGUUCGGGGUGCCAG,"[[1, 21], [2, 20], [3, 19], [4, 18], [5, 17], [6, 16]]"
prueba190,UUACGACUGAAGAGUUCGUAA,"[[1, 21], [2, 20], [3, 19], [4, 18], [5, 17], [6, 16]]"
prueba191,CGAUAUGUAUAAACAAUAUCG,"[[1, 21], [2, 20], [3, 19], [4, 18], [5, 17], [6, 16]]"
prueba192,UCUAAGUGCUAGCGGCUUAGA,"[[1, 21], [2, 20], [3, 19], [4, 18], [5, 17], [6, 16]]"
prueba193,GCUCUGGAGCCUUGGCAGAGC,"[[1, 21], [2, 20], [3, 19], [4, 18], [5, 17], [6, 16]]"
prueba194,GCCUAGAGGCGAUUUCUAGGC,"[[1, 21], [2, 20], [3, 19], [4, 18], [5, 17], [6, 16]]"
prueba195,CCAUCUCGCCGGACCAGAUGG,"[[1, 21], [2, 20], [3, 19], [4, 18], [5, 17], [6, 16]]"
prueba196,UAGAGCACGAACGCGGCUCUA,"[[1, 21], [2, 20], [3, 19], [4, 18], [5, 17], [6, 16]]"
prueba197,GGAACUCGUAAUCACAGUUCC,"[[1, 21], [2, 20], [3, 19], [4, 18], [5, 17], [6, 16]]"
prueba198,CCGGUCUGGGAUUCGGACCGG,"[[1, 21], [2, 20], [3, 19], [4, 18], [5, 17], [6, 16]]"
prueba199,UUGCACGCGGUCUACGUGCAA,"[[1, 21], [2, 20], [3, 19], [4, 18], [5, 17], [6, 16]]"
prueba200,UUGUUGGCUAAUGUACAACAA,"[[1, 21], [2, 20], [3, 19], [4, 18], [5, 17], [6, 16]]"
prueba201,GCCAGCACCGCUUGCGCUGGC,"[[1, 21], [2, 20], [3, 19], [4, 18], [5, 17], [6, 16]]"
prueba202,CGGAUUAUAAGUCUUAAUCCG,"[[1, 21], [2, 20], [3, 19], [4, 18], [5, 17], [6, 16]]"
prueba203,CGCAACGACGACAAGGUUGCG,"[[1, 21], [2, 20], [3, 19], [4, 18], [5, 17], [6, 16]]"
prueba204,GGACGACUGACCGUCUCGUCC,"[[1, 21], [2, 20], [3, 19], [4, 18], [5, 17], [6, 16]]"
prueba205,GGGCUAUAAAGCGUGUAGCCC,"[[1, 21], [2, 20], [3, 19], [4, 18], [5, 17], [6, 16]]"
prueba206,GCGACCUCUUACAUUGGUCGC,"[[1, 21], [2, 20], [3, 19], [4, 18], [5, 17], [6, 16]]"
prueba207,GCGCUUCGAUCCAAAAAGCGC,"[[1, 21], [2, 20], [3, 19], [4, 18], [5, 17], [6, 16]]"
prueba208,AUAACCCUAUGGUGAGGUUAU,"[[1, 21], [2, 20], [3, 19], [4, 18], [5, 17], [6, 16]]"
prueba209,UUACAAAAACUUAGCUUGUAA,"[[1, 21], [2, 20], [3, 19], [4, 18], [5, 17], [6, 16]]"
prueba210,UGACUUCGGUUAGGCAAGUCA,"[[1, 21], [2, 20], [3, 19], [4, 18], [5, 17], [6, 16]]"
prueba211,AUCGGUUUGCGGACCACCGAU,"[[1, 21], [2, 20], [3, 19], [4, 18], [5, 17], [6, 16]]"
prueba212,UUGUGCAGGCCUCUAGCACAA,"[[1, 21], [2, 20], [3, 19], [4, 18], [5, 17], [6, 16]]"
prueba213,GGGCCGGUACUUUCACGGCCC,"[[1, 21], [2, 20], [3, 19], [4, 18], [5, 17], [6, 16]]"
prueba214,ACACUUCAAACAAUUAAGUGU,"[[1, 21], [2, 20], [3, 19], [4, 18], [5, 17], [6, 16]]"
prueba215,CUGCCAUAUCAGAGUUGGCAG,"[[1, 21], [2, 20], [3, 19], [4, 18], [5, 17], [6, 16]]"
prueba216,GUGUGUGAGUGUCCGACACAC,"[[1, 21], [2, 20], [3, 19], [4, 18], [5, 17], [6, 16]]"
prueba217,GUUAUAGGUUUAGUGUAUAAC,"[[1, 21], [2, 20], [3, 19], [4, 18], [5, 17], [6, 16]]"
prueba218,UCGAAAGAAUCUGUCUUUCGA,"[[1, 21], [2, 20], [3, 19], [4, 18], [5, 17], [6, 16]]"
prueba219,AGAUGUGAUUGCUCGACAUCU,"[[1, 21], [2, 20], [3, 19], [4, 18], [5, 17], [6, 16]]"
prueba220,UCAUUGUAAUCUAAUCAAUGA,"[[1, 21], [2, 20], [3, 19], [4, 18], [5, 17], [6, 16]]"
prueba221,CCAAGGCAUUUUCCGCCUUGG,"[[1, 21], [2, 20], [3, 19], [4, 18], [5, 17], [6, 16]]"
prueba222,UUCAAAUGGAUCACUUUUGAA,"[[1, 21], [2, 20], [3, 19], [4, 18], [5, 17], [6, 16]]"
prueba223,UGAUGGGCUUUGCCCCCAUCA,"[[1, 21], [2, 20], [3, 19], [4, 18], [5, 17], [6, 16]]"
prueba224,AUGGAUACACAGUGCAUCCAU,"[[1, 21], [2, 20], [3, 19], [4, 18], [5, 17], [6, 16]]"
prueba225,UUUAGCCAUAAGCGUGCUAAA,"[[1, 21], [2, 20], [3, 19], [4, 18], [5, 17], [6, 16]]"
prueba226,UGCUUCACAAUCUCCGAAGCA,"[[1, 21], [2, 20], [3, 19], [4, 18], [5, 17], [6, 16]]"
prueba227,GAGUAGAUCCCGUGCCUACUC,"[[1, 21], [2, 20], [3, 19], [4, 18], [5, 17], [6, 16]]"
prueba228,AGUUUGUUUUGUCCCCAAACU,"[[1, 21], [2, 20], [3, 19], [4, 18], [5, 17], [6, 16]]"
prueba229,UACCGACGCUUAGUCUCGGUA,"[[1, 21], [2, 20], [3, 19], [4, 18], [5, 17], [6, 16]]"
prueba230,CCAAUAUGCUUUACCUAUUGG,"[[1, 21], [2, 20], [3, 19], [4, 18], [5, 17], [6, 16]]"
prueba231,AGGGCGAAGUGUGCGCGCCCU,"[[1, 21], [2, 20], [3, 19], [4, 18], [5, 17], [6, 16]]"
prueba232,UUACCUCGCUGAACUAGGUAA,"[[1, 21], [2, 20], [3, 19], [4, 18], [5, 17], [6, 16]]"
prueba233,GAAGAUAGCGGACCCAUCUUC,"[[1, 21], [2, 20], [3, 19], [4, 18], [5, 17], [6, 16]]"
prueba234,UAGUCGGUGCUCCUUCGACUA,"[[1, 21], [2, 20], [3, 19], [4, 18], [5, 17], [6, 16]]"
prueba235,AGAUCACGGUAUUACUGAUCU,"[[1, 21], [2, 20], [3, 19], [4, 18], [5, 17], [6, 16]]"
prueba236,CAAGUCAGAUCCCGAGACUUG,"[[1, 21], [2, 20], [3, 19], [4, 18], [5, 17], [6, 16]]"
prueba237,GCAAUUGCAACUCUUAAUUGC,"[[1, 21], [2, 20], [3, 19], [4, 18], [5, 17], [6, 16]]"
prueba238,CUGGUGGUAUGGAUUCACCAG,"[[1, 21], [2, 20], [3, 19], [4, 18], [5, 17], [6, 16]]"
prueba239,UAGCUGGGUAGAGUGCAGCUA,"[[1, 21], [2, 20], [3, 19], [4, 18], [5, 17], [6, 16]]"
prueba240,UUGAUCGCCGCUAUUGAUCAA,"[[1, 21], [2, 20], [3, 19], [4, 18], [5, 17], [6, 16]]"
prueba241,GCUUCCACUUAUCAGGGAAGC,"[[1, 21], [2, 20], [3, 19], [4, 18], [5, 17], [6, 16]]"
prueba242,CUCAUAAGGUACAAGUAUGAG,"[[1, 21], [2, 20], [3, 19], [4, 18], [5, 17], [6, 16]]"
prueba243,UUUCAAACACUGUUUUUGAAA,"[[1, 21], [2, 20], [3, 19], [4, 18], [5, 17], [6, 16]]"
prueba244,GGCAGUCGCACGCACACUGCC,"[[1, 21], [2, 20], [3, 19], [4, 18], [5, 17], [6, 16]]"
prueba245,CGGUCUUUCUUCCAGAGACCG,"[[1, 21], [2, 20], [3, 19], [4, 18], [5, 17], [6, 16]]"
prueba246,CUUAUGCCUCCGGGCCAUAAG,"[[1, 21], [2, 20], [3, 19], [4, 18], [5, 17], [6, 16]]"
prueba247,UGGCAGAUUUUAGUGCUGCCA,"[[1, 21], [2, 20], [3, 19], [4, 18], [5, 17], [6, 16]]"
prueba248,GCAGACUAGCUAUUGGUCUGC,"[[1, 21], [2, 20], [3, 19], [4, 18], [5, 17], [6, 16]]"
prueba249,UACUAAUCAUUACGGUUAGUA,"[[1, 21], [2, 20], [3, 19], [4, 18], [5, 17], [6, 16]]"
prueba250,UACUGUUCUCCAAUCACAGUA,"[[1, 21], [2, 20], [3, 19], [4, 18], [5, 17], [6, 16]]"
prueba251,GUUAAAUCUAAAAGAUUUAAC,"[[1, 21], [2, 20], [3, 19], [4, 18], [5, 17], [6, 16]]"
prueba252,CCAUCACCAGAGUGGUGAUGG,"[[1, 21], [2, 20], [3, 19], [4, 18], [5, 17], [6, 16]]"
prueba253,ACUGGUCAUCGAGGGACCAGU,"[[1, 21], [2, 20], [3, 19], [4, 18], [5, 17], [6, 16]]"
prueba254,GCGUACUAUGGCAUUGUACGC,"[[1, 21], [2, 20], [3, 19], [4, 18], [5, 17], [6, 16]]"
prueba255,CCAGGGGAUACGUGCCCCUGG,"[[1, 21], [2, 20], [3, 19], [4, 18], [5, 17], [6, 16]]"
prueba256,CGGGGGGACAUACUUCCCCCG,"[[1, 21], [2, 20], [3, 19], [4, 18], [5, 17], [6, 16]]"
prueba257,UGUAAUCGGUAUCAAAUUACA,"[[1, 21], [2, 20], [3, 19], [4, 18], [5, 17], [6, 16]]"
prueba258,GUUCGCAAACAUAUGGCGAAC,"[[1, 21], [2, 20], [3, 19], [4, 18], [5, 17], [6, 16]]"
prueba259,UCUAUGAACUCGGCGCAUAGA,"[[1, 21], [2, 20], [3, 19], [4, 18], [5, 17], [6, 16]]"
prueba260,GGCGAUUAGUUCGUGAUCGCC,"[[1, 21], [2, 20], [3, 19], [4, 18], [5, 17], [6, 16]]"
prueba261,GCGGGGAUGCUCCUCCCCCGC,"[[1, 21], [2, 20], [3, 19], [4, 18], [5, 17], [6, 16]]"
prueba262,ACUCGGGCACACAAUCCGAGU,"[[1, 21], [2, 20], [3, 19], [4, 18], [5, 17], [6, 16]]"
prueba263,CCCCCCGUCAGUAGCGGGGGG,"[[1, 21], [2, 20], [3, 19], [4, 18], [5, 17], [6, 16]]"
prueba264,UGGGUAAAUCAAGCCUACCCA,"[[1, 21], [2, 20], [3, 19], [4, 18], [5, 17], [6, 16]]"
prueba265,GGACUCAGUUCCGAAGAGUCC,"[[1, 21], [2, 20], [3, 19], [4, 18], [5, 17], [6, 16]]"
prueba266,GCGCUACCCGAUUCCUAGCGC,"[[1, 21], [2, 20], [3, 19], [4, 18], [5, 17], [6, 16]]"
prueba267,UUUCGGGGUGGCCACCCGAAA,"[[1, 21], [2, 20], [3, 19], [4, 18], [5, 17], [6, 16]]"
prueba268,UCCAACUAUCAGCGCGUUGGA,"[[1, 21], [2, 20], [3, 19], [4, 18], [5, 17], [6, 16]]"
prueba269,CGGUAAGGUUUCCAGUUACCG,"[[1, 21], [2, 20], [3, 19], [4, 18], [5, 17], [6, 16]]"
prueba270,AUACACCACGUACUGGUGUAU,"[[1, 21], [2, 20], [3, 19], [4, 18], [5, 17], [6, 16]]"
prueba271,UUGUUCCGUUAGAGAGAACAA,"[[1, 21], [2, 20], [3, 19], [4, 18], [5, 17], [6, 16]]"
prueba272,AAGUCGGCGUAUACCCGACUU,"[[1, 21], [2, 20], [3, 19], [4, 18], [5, 17], [6, 16]]"
prueba273,CGGGGAGAGGACAAAUCCCCG,"[[1, 21], [2, 20], [3, 19], [4, 18], [5, 17], [6, 16]]"
prueba274,AGGCGGUUUUACCACCCGCCU,"[[1, 21], [2, 20], [3, 19], [4, 18], [5, 17], [6, 16]]"
prueba275,CACCGUCAGUUAGAGACGGUG,"[[1, 21], [2, 20], [3, 19], [4, 18], [5, 17], [6, 16]]"
prueba276,UAGCAGUCGCCUCCUCUGCUA,"[[1, 21], [2, 20], [3, 19], [4, 18], [5, 17], [6, 16]]"
prueba277,UAAGACUAGUAGAACGUCUUA,"[[1, 21], [2, 20], [3, 19], [4, 18], [5, 17], [6, 16]]"
prueba278,UGUUCACAAAGGCAUUGAACA,"[[1, 21], [2, 20], [3, 19], [4, 18], [5, 17], [6, 16]]"
prueba279,AGUGUACCCGUACUUUACACU,"[[1, 21], [2, 20], [3, 19], [4, 18], [5, 17], [6, 16]]"
prueba280,CAUUUGAGUCGAUGGCAAAUG,"[[1, 21], [2, 20], [3, 19], [4, 18], [5, 17], [6, 16]]"
prueba281,CAGGCGUCGUUUCCUCGCCUG,"[[1, 21], [2, 20], [3, 19], [4, 18], [5, 17], [6, 16]]"
prueba282,ACGUUGACUCUAAAACAACGU,"[[1, 21], [2, 20], [3, 19], [4, 18], [5, 17], [6, 16]]"
prueba283,GAAACAAUAGUCUAUUGUUUC,"[[1, 21], [2, 20], [3, 19], [4, 18], [5, 17], [6, 16]]"
prueba284,UGAGGCGUGUAAGACGCCUCA,"[[1, 21], [2, 20], [3, 19], [4, 18], [5, 17], [6, 16]]"
prueba285,CACACUAGUGGCUAGAGUGUG,"[[1, 21], [2, 20], [3, 19], [4, 18], [5, 17], [6, 16]]"
prueba286,GUUAUUUAGGGAUCGAAUAAC,"[[1, 21], [2, 20], [3, 19], [4, 18], [5, 17], [6, 16]]"
prueba287,GCACCCACACAGUGUGGGUGC,"[[1, 21], [2, 20], [3, 19], [4, 18], [5, 17], [6, 16]]"
prueba288,GUGAUUCAGUCGCUAAAUCAC,"[[1, 21], [2, 20], [3, 19], [4, 18], [5, 17], [6, 16]]"
prueba289,CGAAUGCGCAGGUGUCAUUCG,"[[1, 21], [2, 20], [3, 19], [4, 18], [5, 17], [6, 16]]"
prueba290,GCUGACUGUUCUUAGGUCAGC,"[[1, 21], [2, 20], [3, 19], [4, 18], [5, 17], [6, 16]]"
prueba291,AGCGCUCUGAGUUGGAGCGCU,"[[1, 21], [2, 20], [3, 19], [4, 18], [5, 17], [6, 16]]"
prueba292,UCACUGUCUUAUCCACAGUGA,"[[1, 21], [2, 20], [3, 19], [4, 18], [5, 17], [6, 16]]"
prueba293,GCAGAUGUCGGCCCGAUCUGC,"[[1, 21], [2, 20], [3, 19], [4, 18], [5, 17], [6, 16]]"
prueba294,UGCGUUUGCAAUAAGAACGCA,"[[1, 21], [2, 20], [3, 19], [4, 18], [5, 17], [6, 16]]"
prueba295,GAGCUGAAUCCAACUCAGCUC,"[[1, 21], [2, 20], [3, 19], [4, 18], [5, 17], [6, 16]]"
prueba296,CGAACGGGCCGGCGACGUUCG,"[[1, 21], [2, 20], [3, 19], [4, 18], [5, 17], [6, 16]]"
prueba297,CUGAAAGACUGGGUAUUUCAG,"[[1, 21], [2, 20], [3, 19], [4, 18], [5, 17], [6, 16]]"
prueba298,AACGUACAUCAACAGUACGUU,"[[1, 21], [2, 20], [3, 19], [4, 18], [5, 17], [6, 16]]"
prueba299,AUGAGAGACGCGAUAUCUCAU,"[[1, 21], [2, 20], [3, 19], [4, 18], [5, 17], [6, 16]]"
prueba300,ACGAUCUACGGAAGGGAUCGU,"[[1, 21], [2, 20], [3, 19], [4, 18], [5, 17], [6, 16]]"
prueba301,CCCCGUGAGCGUACUACGGGG,"[[1, 21], [2, 20], [3, 19], [4, 18], [5, 17], [6, 16]]"
prueba302,UCGGCGUUCGACUUUCGCCGA,"[[1, 21], [2, 20], [3, 19], [4, 18], [5, 17], [6, 16]]"
prueba303,UGACCUGCAUACUUCAGGUCA,"[[1, 21], [2, 20], [3, 19], [4, 18], [5, 17], [6, 16]]"
prueba304,CUUAGAAUCCUUUCGUCUAAG,"[[1, 21], [2, 20], [3, 19], [4, 18], [5, 17], [6, 16]]"
prueba305,AUAUACCCGGGCUUUGUAUAU,"[[1, 21], [2, 20], [3, 19], [4, 18], [5, 17], [6, 16]]"
prueba306,UUGCGACGGCUUUGGUCGCAA,"[[1, 21], [2, 20], [3, 19], [4, 18], [5, 17], [6, 16]]"
prueba307,CGGCACAGGUCUCGUGUGCCG,"[[1, 21], [2, 20], [3, 19], [4, 18], [5, 17], [6, 16]]"
prueba308,ACUAACCUCAGAAUUGUUAGU,"[[1, 21], [2, 20], [3, 19], [4, 18], [5, 17], [6, 16]]"
prueba309,CCGUAAUAAACUAAUUUACGG,"[[1, 21], [2, 20], [3, 19], [4, 18], [5, 17], [6, 16]]"
prueba310,GUACCCCUUCACGCCGGGUAC,"[[1, 21], [2, 20], [3, 19], [4, 18], [5, 17], [6, 16]]"
prueba311,CCCAUCUAUGUGUGUGAUGGG,"[[1, 21], [2, 20], [3, 19], [4, 18], [5, 17], [6, 16]]"
prueba312,GUACGGAGCGCUGUUCCGUAC,"[[1, 21], [2, 20], [3, 19], [4, 18], [5, 17], [6, 16]]"
prueba313,CGGAGAACCGUUUAGUCUCCG,"[[1, 21], [2, 20], [3, 19], [4, 18], [5, 17], [6, 16]]"
prueba314,AACUGAUCCACAUCGUCAGUU,"[[1, 21], [2, 20], [3, 19], [4, 18], [5, 17], [6, 16]]"
prueba315,GGCAUGGGCUUCUUGCAUGCC,"[[1, 21], [2, 20], [3, 19], [4, 18], [5, 17], [6, 16]]"
prueba316,CAAGGAACGUGCGAUUCCUUG,"[[1, 21], [2, 20], [3, 19], [4, 18], [5, 17], [6, 16]]"
prueba317,UAGUCGGGCUAAAUGCGACUA,"[[1, 21], [2, 20], [3, 19], [4, 18], [5, 17], [6, 16]]"
prueba318,GGCACGCGAUCACGUCGUGCC,"[[1, 21], [2, 20], [3, 19], [4, 18], [5, 17], [6, 16]]"
prueba319,UCCUCCCGGGUGUAUGGAGGA,"[[1, 21], [2, 20], [3, 19], [4, 18], [5, 17], [6, 16]]"
prueba320,GCGCAGUAUCACGAACUGCGC,"[[1, 21], [2, 20], [3, 19], [4, 18], [5, 17], [6, 16]]"
prueba321,GUGUGGCGGUCUAGACCACAC,"[[1, 21], [2, 20], [3, 19], [4, 18], [5, 17], [6, 16]]"
prueba322,GACAACGCUUGAUACGUUGUC,"[[1, 21], [2, 20], [3, 19], [4, 18], [5, 17], [6, 16]]"
prueba323,CACAUGAACAAAUCGCAUGUG,"[[1, 21], [2, 20], [3, 19], [4, 18], [5, 17], [6, 16]]"
prueba324,UACUGGCCUAUGGUACCAGUA,"[[1, 21], [2, 20], [3, 19], [4, 18], [5, 17], [6, 16]]"
prueba325,CGAGGUGAUCCCGACACCUCG,"[[1, 21], [2, 20], [3, 19], [4, 18], [5, 17], [6, 16]]"
prueba326,CACUAAUCUUUUUCGUUAGUG,"[[1, 21], [2, 20], [3, 19], [4, 18], [5, 17], [6, 16]]"
prueba327,UCAGGGUUGUACGAGCCCUGA,"[[1, 21], [2, 20], [3, 19], [4, 18], [5, 17], [6, 16]]"
prueba328,CACUACAGUAGAGCCGUAGUG,"[[1, 21], [2, 20], [3, 19], [4, 18], [5, 17], [6, 16]]"
prueba329,UUUGUCAGUCUCGGAGACAAA,"[[1, 21], [2, 20], [3, 19], [4, 18], [5, 17], [6, 16]]"
prueba330,AUUGCAACGAUCGUAUGCAAU,"[[1, 21], [2, 20], [3, 19], [4, 18], [5, 17], [6, 16]]"
prueba331,AUCUCAGUGUACACAUGAGAU,"[[1, 21], [2, 20], [3, 19], [4, 18], [5, 17], [6, 16]]"
prueba332,GGUUGUUGUCCAUUAACAACC,"[[1, 21], [2, 20], [3, 19], [4, 18], [5, 17], [6, 16]]"
prueba333,CUGCGCCGCGCCCAGGCGCAG,"[[1, 21], [2, 20], [3, 19], [4, 18], [5, 17], [6, 16]]"
prueba334,GGGUCCUACUACGCAGGACCC,"[[1, 21], [2, 20], [3, 19], [4, 18], [5, 17], [6, 16]]"
prueba335,UGGCGCGUCAAGAUGGCGCCA,"[[1, 21], [2, 20], [3, 19], [4, 18], [5, 17], [6, 16]]"
prueba336,CCCGAAUUGAUUCUCUUCGGG,"[[1, 21], [2, 20], [3, 19], [4, 18], [5, 17], [6, 16]]"
prueba337,CUAUUGGUAUGAAUUCAAUAG,"[[1, 21], [2, 20], [3, 19], [4, 18], [5, 17], [6, 16]]"
prueba338,GCCAACGACCACAGCGUUGGC,"[[1, 21], [2, 20], [3, 19], [4, 18], [5, 17], [6, 16]]"
prueba339,AAUCCUGAUACAGCAAGGAUU,"[[1, 21], [2, 20], [3, 19], [4, 18], [5, 17], [6, 16]]"
prueba340,AAACGUGAGCAAUUCACGUUU,"[[1, 21], [2, 20], [3, 19], [4, 18], [5, 17], [6, 16]]"
prueba341,CGCUUAGAGAAGCCUUAAGCG,"[[1, 21], [2, 20], [3, 19], [4, 18], [5, 17], [6, 16]]"
prueba342,GGAUUACGUUCAAUAUAAUCC,"[[1, 21], [2, 20], [3, 19], [4, 18], [5, 17], [6, 16]]"
prueba343,UCACAAGAAGUCCCUUUGUGA,"[[1, 21], [2, 20], [3, 19], [4, 18], [5, 17], [6, 16]]"
prueba344,AAGCUUUUACAGACUAAGCUU,"[[1, 21], [2, 20], [3, 19], [4, 18], [5, 17], [6, 16]]"
prueba345,CGGAAGAGAUCCCCGCUUCCG,"[[1, 21], [2, 20], [3, 19], [4, 18], [5, 17], [6, 16]]"
prueba346,CCCCAAGUCUACUAGUUGGGG,"[[1, 21], [2, 20], [3, 19], [4, 18], [5, 17], [6, 16]]"
prueba347,GUCGUGUAGUGGAAACACGAC,"[[1, 21], [2, 20], [3, 19], [4, 18], [5, 17], [6, 16]]"
prueba348,CGUUUAGCAAUCUUGUAAACG,"[[1, 21], [2, 20], [3, 19], [4, 18], [5, 17], [6, 16]]"
prueba349,CUCAGUCCCUGUUGAACUGAG,"[[1, 21], [2, 20], [3, 19], [4, 18], [5, 17], [6, 16]]"
prueba350,CCGAAAAACACGCACUUUCGG,"[[1, 21], [2, 20], [3, 19], [4, 18], [5, 17], [6, 16]]"
prueba351,CGCGUUUGCGUAUCGAACGCG,"[[1, 21], [2, 20], [3, 19], [4, 18], [5, 17], [6, 16]]"
prueba352,GCUUCGUCGUGGGCCCGAAGC,"[[1, 21], [2, 20], [3, 19], [4, 18], [5, 17], [6, 16]]"
prueba353,GUCGACAGGCGACGCGUCGAC,"[[1, 21], [2, 20], [3, 19], [4, 18], [5, 17], [6, 16]]"
prueba354,UAAAAUUGAAUCUCCAUUUUA,"[[1, 21], [2, 20], [3, 19], [4, 18], [5, 17], [6, 16]]"
prueba355,GUACAGCCGUCUCGGCUGUAC,"[[1, 21], [2, 20], [3, 19], [4, 18], [5, 17], [6, 16]]"
prueba356,CUUAUAGUAUUUUGCUAUAAG,"[[1, 21], [2, 20], [3, 19], [4, 18], [5, 17], [6, 16]]"
prueba357,UGUCGAGGCACAUAGUCGACA,"[[1, 21], [2, 20], [3, 19], [4, 18], [5, 17], [6, 16]]"
prueba358,CCCUACAGGUAGGUCGUAGGG,"[[1, 21], [2, 20], [3, 19], [4, 18], [5, 17], [6, 16]]"
prueba359,AGCGGUAACUUCAUGACCGCU,"[[1, 21], [2, 20], [3, 19], [4, 18], [5, 17], [6, 16]]"
prueba360,AUAGAUCCAAGCGCUAUCUAU,"[[1, 21], [2, 20], [3, 19], [4, 18], [5, 17], [6, 16]]"
prueba361,CACAACAGUUACCCGGUUGUG,"[[1, 21], [2, 20], [3, 19], [4, 18], [5, 17], [6, 16]]"
prueba362,CCGGUGGUAAGCUUCCACCGG,"[[1, 21], [2, 20], [3, 19], [4, 18], [5, 17], [6, 16]]"
prueba363,ACAAAAACCCACAUCUUUUGU,"[[1, 21], [2, 20], [3, 19], [4, 18], [5, 17], [6, 16]]"
prueba364,UAGGUUCCUCCCUUGAACCUA,"[[1, 21], [2, 20], [3, 19], [4, 18], [5, 17], [6, 16]]"
prueba365,AGCAACCCCUCUCAGGUUGCU,"[[1, 21], [2, 20], [3, 19], [4, 18], [5, 17], [6, 16]]"
prueba366,GUGUGUGGAUGGUGAACACAC,"[[1, 21], [2, 20], [3, 19], [4, 18], [5, 17], [6, 16]]"
prueba367,GUAUUUACUCAAAAGAAAUAC,"[[1, 21], [2, 20], [3, 19], [4, 18], [5, 17], [6, 16]]"
prueba368,ACAGUCCAGGUCUGGGACUGU,"[[1, 21], [2, 20], [3, 19], [4, 18], [5, 17], [6, 16]]"
prueba369,AUUCUCGUAAAGUCCGAGAAU,"[[1, 21], [2, 20], [3, 19], [4, 18], [5, 17], [6, 16]]"
prueba370,CCUGUAGCAUCUGUAUACAGG,"[[1, 21], [2, 20], [3, 19], [4, 18], [5, 17], [6, 16]]"
prueba371,CUGGGCAUCACAGAGGCCCAG,"[[1, 21], [2, 20], [3, 19], [4, 18], [5, 17], [6, 16]]"
prueba372,CCCGGAGACUUAUAGUCCGGG,"[[1, 21], [2, 20], [3, 19], [4, 18], [5, 17], [6, 16]]"
prueba373,UACUCAAGGUCCGGCUGAGUA,"[[1, 21], [2, 20], [3, 19], [4, 18], [5, 17], [6, 16]]"
prueba374,CAUUAACGGUACUUUUUAAUG,"[[1, 21], [2, 20], [3, 19], [4, 18], [5, 17], [6, 16]]"
prueba375,CUCUUCUGAAGGUUCGAAGAG,"[[1, 21], [2, 20], [3, 19], [4, 18], [5, 17], [6, 16]]"
prueba376,AUUUCGUUGUACUGACGAAAU,"[[1, 21], [2, 20], [3, 19], [4, 18], [5, 17], [6, 16]]"
prueba377,UUUUCUCGACUACCCAGAAAA,"[[1, 21], [2, 20], [3, 19], [4, 18], [5, 17], [6, 16]]"
prueba378,UGCGCAUCGCAAUCUUGCGCA,"[[1, 21], [2, 20], [3, 19], [4, 18], [5, 17], [6, 16]]"
prueba379,GCAAAUAUUGUAUCGAUUUGC,"[[1, 21], [2, 20], [3, 19], [4, 18], [5, 17], [6, 16]]"
prueba380,GUUCGUUCGUAGCCUACGAAC,"[[1, 21], [2, 20], [3, 19], [4, 18], [5, 17], [6, 16]]"
prueba381,GAAGGUAAUAAUCUGACCUUC,"[[1, 21], [2, 20], [3, 19], [4, 18], [5, 17], [6, 16]]"
prueba382,AUGAAACCAUAUUAUUUUCAU,"[[1, 21], [2, 20], [3, 19], [4, 18], [5, 17], [6, 16]]"
prueba383,GCUUCACACAGUUACUGAAGC,"[[1, 21], [2, 20], [3, 19], [4, 18], [5, 17], [6, 16]]"
prueba384,UCCCUGCACCUCGAUCAGGGA,"[[1, 21], [2, 20], [3, 19], [4, 18], [5, 17], [6, 16]]"
prueba385,UGUGUGUUGUGGCCCCACACA,"[[1, 21], [2, 20], [3, 19], [4, 18], [5, 17], [6, 16]]"
prueba386,UGUAGCCGCGAGGUUGCUACA,"[[1, 21], [2, 20], [3, 19], [4, 18], [5, 17], [6, 16]]"
prueba387,CGUGACUUCAUCGAAGUCACG,"[[1, 21], [2, 20], [3, 19], [4, 18], [5, 17], [6, 16]]"
prueba388,GAUAAGGAGCAACCGCUUAUC,"[[1, 21], [2, 20], [3, 19], [4, 18], [5, 17], [6, 16]]"
prueba389,UUUCUUCCACCUGAAAAGAAA,"[[1, 21], [2, 20], [3, 19], [4, 18], [5, 17], [6, 16]]"
prueba390,AUUAGAGUUGGCAAUUCUAAU,"[[1, 21], [2, 20], [3, 19], [4, 18], [5, 17], [6, 16]]"
prueba391,UAAAGAUAAGUUCACUCUUUA,"[[1, 21], [2, 20], [3, 19], [4, 18], [5, 17], [6, 16]]"
prueba392,UCUUAGCUCCGACAACUAAGA,"[[1, 21], [2, 20], [3, 19], [4, 18], [5, 17], [6, 16]]"
prueba393,GAGUCACUUAAAUAGUGACUC,"[[1, 21], [2, 20], [3, 19], [4, 18], [5, 17], [6, 16]]"
prueba394,CACUAUAAGUUGGACAUAGUG,"[[1, 21], [2, 20], [3, 19], [4, 18], [5, 17], [6, 16]]"
prueba395,AUUCUGAUAACGCGCCAGAAU,"[[1, 21], [2, 20], [3, 19], [4, 18], [5, 17], [6, 16]]"
prueba396,AAAUUGUACGAUGAGCAAUUU,"[[1, 21], [2, 20], [3, 19], [4, 18], [5, 17], [6, 16]]"
prueba397,UCGUCGUUGCCUCCGCGACGA,"[[1, 21], [2, 20], [3, 19], [4, 18], [5, 17], [6, 16]]"
prueba398,UUAACCGUGUUCCCUGGUUAA,"[[1, 21], [2, 20], [3, 19], [4, 18], [5, 17], [6, 16]]"
prueba399,ACACACAGCUUGAUAGUGUGU,"[[1, 21], [2, 20], [3, 19], [4, 18], [5, 17], [6, 16]]"
prueba400,AUCCCUCAUCUCUAUAGGGAU,"[[1, 21], [2, 20], [3, 19], [4, 18], [5, 17], [6, 16]]"
prueba401,GCAUGACUCAGUUACUCAUGC,"[[1, 21], [2, 20], [3, 19], [4, 18], [5, 17], [6, 16]]"
prueba402,AAAGACGUUAACCCAGUCUUU,"[[1, 21], [2, 20], [3, 19], [4, 18], [5, 17], [6, 16]]"
prueba403,AAUCGGUACGGGCUCCCGAUU,"[[1, 21], [2, 20], [3, 19], [4, 18], [5, 17], [6, 16]]"
prueba404,UCUCCCAUAUCAUGGGGGAGA,"[[1, 21], [2, 20], [3, 19], [4, 18], [5, 17], [6, 16]]"
prueba405,UUGCACCAGCAACUGGUGCAA,"[[1, 21], [2, 20], [3, 19], [4, 18], [5, 17], [6, 16]]"
prueba406,CGGGCUACGUGCCUUAGCCCG,"[[1, 21], [2, 20], [3, 19], [4, 18], [5, 17], [6, 16]]"
prueba407,ACUAUCGAUGGGAUGGAUAGU,"[[1, 21], [2, 20], [3, 19], [4, 18], [5, 17], [6, 16]]"
prueba408,ACAGUGAACUUGUCCCACUGU,"[[1, 21], [2, 20], [3, 19], [4, 18], [5, 17], [6, 16]]"
prueba409,UUCGCUUGUAAAGCCAGCGAA,"[[1, 21], [2, 20], [3, 19], [4, 18], [5, 17], [6, 16]]"
prueba410,CCGCCGCCACACGUUCGGCGG,"[[1, 21], [2, 20], [3, 19], [4, 18], [5, 17], [6, 16]]"
prueba411,UCUGCACGCCGGGCGUGCAGA,"[[1, 21], [2, 20], [3, 19], [4, 18], [5, 17], [6, 16]]"
prueba412,UUUAUUUGUAAACUUAAUAAA,"[[1, 21], [2, 20], [3, 19], [4, 18], [5, 17], [6, 16]]"
prueba413,AUUAUCCAACCUUCAGAUAAU,"[[1, 21], [2, 20], [3, 19], [4, 18], [5, 17], [6, 16]]"
prueba414,CCUACGGAACCGUCACGUAGG,"[[1, 21], [2, 20], [3, 19], [4, 18], [5, 17], [6, 16]]"
prueba415,GAUCUACGGCAUGGAUAGAUC,"[[1, 21], [2, 20], [3, 19], [4, 18], [5, 17], [6, 16]]"
prueba416,GCAUUGUGGUCGUGCCAAUGC,"[[1, 21], [2, 20], [3, 19], [4, 18], [5, 17], [6, 16]]"
prueba417,CAGUCUACUUCCACUAGACUG,"[[1, 21], [2, 20], [3, 19], [4, 18], [5, 17], [6, 16]]"
prueba418,UGGUACACUUCUCAAGUACCA,"[[1, 21], [2, 20], [3, 19], [4, 18], [5, 17], [6, 16]]"
prueba419,UUGCUAGGUCUGGGUUAGCAA,"[[1, 21], [2, 20], [3, 19], [4, 18], [5, 17], [6, 16]]"
prueba420,AAGGUGACGACCAAUCACCUU,"[[1, 21], [2, 20], [3, 19], [4, 18], [5, 17], [6, 16]]"
prueba421,CUGUAAAAGAAACGCUUACAG,"[[1, 21], [2, 20], [3, 19], [4, 18], [5, 17], [6, 16]]"
prueba422,GAAUCAUUAUCCGGGUGAUUC,"[[1, 21], [2, 20], [3, 19], [4, 18], [5, 17], [6, 16]]"
prueba423,ACGAGUAUGACUGCGACUCGU,"[[1, 21], [2, 20], [3, 19], [4, 18], [5, 17], [6, 16]]"
prueba424,AACUCCGUAGUAAUGGGAGUU,"[[1, 21], [2, 20], [3, 19], [4, 18], [5, 17], [6, 16]]"
prueba425,GCUGAAUCUACUCGCUUCAGC,"[[1, 21], [2, 20], [3, 19], [4, 18], [5, 17], [6, 16]]"
prueba426,CAUAUCUGAUGGCUAGAUAUG,"[[1, 21], [2, 20], [3, 19], [4, 18], [5, 17], [6, 16]]"
prueba427,AAAUUGUGAAGCCGGCAAUUU,"[[1, 21], [2, 20], [3, 19], [4, 18], [5, 17], [6, 16]]"
prueba428,GGUGAAGCAGAGAGUUUCACC,"[[1, 21], [2, 20], [3, 19], [4, 18], [5, 17], [6, 16]]"
prueba429,UCUAUUACAGAUGAUAAUAGA,"[[1, 21], [2, 20], [3, 19], [4, 18], [5, 17], [6, 16]]"
prueba430,CCGCGACUUCGCACAUCGCGG,"[[1, 21], [2, 20], [3, 19], [4, 18], [5, 17], [6, 16]]"
prueba431,CUGAAUAUCACGAAAAUUCAG,"[[1, 21], [2, 20], [3, 19], [4, 18], [5, 17], [6, 16]]"
prueba432,CCGUGAUCCCAGUCUUCACGG,"[[1, 21], [2, 20], [3, 19], [4, 18], [5, 17], [6, 16]]"
prueba433,CGCAUCGCGCAGUAAGAUGCG,"[[1, 21], [2, 20], [3, 19], [4, 18], [5, 17], [6, 16]]"
prueba434,CAGAACGCAGCAUGGGUUCUG,"[[1, 21], [2, 20], [3, 19], [4, 18], [5, 17], [6, 16]]"
prueba435,CAAGCCGCGGUCUGGGGCUUG,"[[1, 21], [2, 20], [3, 19], [4, 18], [5, 17], [6, 16]]"
prueba436,CACGGCAUACGCUGCGCCGUG,"[[1, 21], [2, 20], [3, 19], [4, 18], [5, 17], [6, 16]]"
prueba437,AGCCGAAACGACUGAUCGGCU,"[[1, 21], [2, 20], [3, 19], [4, 18], [5, 17], [6, 16]]"
prueba438,CAUCAUAAGGUAUCAAUGAUG,"[[1, 21], [2, 20], [3, 19], [4, 18], [5, 17], [6, 16]]"
prueba439,GCCUCAACCGAGGGGUGAGGC,"[[1, 21], [2, 20], [3, 19], [4, 18], [5, 17], [6, 16]]"
prueba440,CAAAUUCGGAGCAUCAAUUUG,"[[1, 21], [2, 20], [3, 19], [4, 18], [5, 17], [6, 16]]"
prueba441,UUAUUAGUAUUAGAAUAAUAA,"[[1, 21], [2, 20], [3, 19], [4, 18], [5, 17], [6, 16]]"
prueba442,UAAAACUGAGCGUUUGUUUUA,"[[1, 21], [2, 20], [3, 19], [4, 18], [5, 17], [6, 16]]"
prueba443,CAAUGUCGAAUUAGCACAUUG,"[[1, 21], [2, 20], [3, 19], [4, 18], [5, 17], [6, 16]]"
prueba444,AACCCUUUUGAUACUAGGGUU,"[[1, 21], [2, 20], [3, 19], [4, 18], [5, 17], [6, 16]]"
prueba445,AAUGCAAAACCAUCCUGCAUU,"[[1, 21], [2, 20], [3, 19], [4, 18], [5, 17], [6, 16]]"
prueba446,GAUUUGGUACGUACACAAAUC,"[[1, 21], [2, 20], [3, 19], [4, 18], [5, 17], [6, 16]]"
prueba447,UGCGCGGCGCCAUGGCGCGCA,"[[1, 21], [2, 20], [3, 19], [4, 18], [5, 17], [6, 16]]"
prueba448,AAGUUAAUCUGGCUGUAACUU,"[[1, 21], [2, 20], [3, 19], [4, 18], [5, 17], [6, 16]]"
prueba449,AACGACACCUAUACAGUCGUU,"[[1, 21], [2, 20], [3, 19], [4, 18], [5, 17], [6, 16]]"
prueba450,ACCACACGGCCCGAAUGUGGU,"[[1, 21], [2, 20], [3, 19], [4, 18], [5, 17], [6, 16]]"
prueba451,CUCGCAACCCUUUCCUGCGAG,"[[1, 21], [2, 20], [3, 19], [4, 18], [5, 17], [6, 16]]"
prueba452,CAUUACUCAGCUAUUGUAAUG,"[[1, 21], [2, 20], [3, 19], [4, 18], [5, 17], [6, 16]]"
prueba453,UUAUUAUGUAAAGAGUAAUAA,"[[1, 21], [2, 20], [3, 19], [4, 18], [5, 17], [6, 16]]"
prueba454,UUAGCUGGCGUGCUUAGCUAA,"[[1, 21], [2, 20], [3, 19], [4, 18], [5, 17], [6, 16]]"
prueba455,GUUGGCGUUAAAGGUGCCAAC,"[[1, 21], [2, 20], [3, 19], [4, 18], [5, 17], [6, 16]]"
prueba456,UUCCGCCGCUGACGCGCGGAA,"[[1, 21], [2, 20], [3, 19], [4, 18], [5, 17], [6, 16]]"
prueba457,UCAUCUAGAACUCUCAGAUGA,"[[1, 21], [2, 20], [3, 19], [4, 18], [5, 17], [6, 16]]"
prueba458,UGGUCAAGUUGCGCGUGACCA,"[[1, 21], [2, 20], [3, 19], [4, 18], [5, 17], [6, 16]]"
prueba459,CGUUGUGCUUAACCAACAACG,"[[1, 21], [2, 20], [3, 19], [4, 18], [5, 17], [6, 16]]"
prueba460,AGCCUUAUUAUAAUUAAGGCU,"[[1, 21], [2, 20], [3, 19], [4, 18], [5, 17], [6, 16]]"
prueba461,UAAUAUCGCACCCUUAUAUUA,"[[1, 21], [2, 20], [3, 19], [4, 18], [5, 17], [6, 16]]"
prueba462,AGUUGUUGGCGAGCCACAACU,"[[1, 21], [2, 20], [3, 19], [4, 18], [5, 17], [6, 16]]"
prueba463,CAUAUCUUGGGGCACGAUAUG,"[[1, 21], [2, 20], [3, 19], [4, 18], [5, 17], [6, 16]]"
prueba464,GGAUUGUCGGUUUGCCAAUCC,"[[1, 21], [2, 20], [3, 19], [4, 18], [5, 17], [6, 16]]"
prueba465,CUAGGUUAGUCCGGCACCUAG,"[[1, 21], [2, 20], [3, 19], [4, 18], [5, 17], [6, 16]]"
prueba466,AAAUGGUGCGUAAGCCCAUUU,"[[1, 21], [2, 20], [3, 19], [4, 18], [5, 17], [6, 16]]"
prueba467,GGGUGCUUAGGGCUCGCACCC,"[[1, 21], [2, 20], [3, 19], [4, 18], [5, 17], [6, 16]]"
prueba468,CUUUAUCAAGAUCCCAUAAAG,"[[1, 21], [2, 20], [3, 19], [4, 18], [5, 17], [6, 16]]"
prueba469,UGAAAUCCCGGGAGCAUUUCA,"[[1, 21], [2, 20], [3, 19], [4, 18], [5, 17], [6, 16]]"
prueba470,CGUGGCUCUUCAAACGCCACG,"[[1, 21], [2, 20], [3, 19], [4, 18], [5, 17], [6, 16]]"
prueba471,GGGGAUUCCUAGAAGAUCCCC,"[[1, 21], [2, 20], [3, 19], [4, 18], [5, 17], [6, 16]]"
prueba472,GGUCCGGCAGGCCAUCGGACC,"[[1, 21], [2, 20], [3, 19], [4, 18], [5, 17], [6, 16]]"
prueba473,GCUCAGAAAUAACUGCUGAGC,"[[1, 21], [2, 20], [3, 19], [4, 18], [5, 17], [6, 16]]"
prueba474,GUCCUGGCAGGGGGGCAGGAC,"[[1, 21], [2, 20], [3, 19], [4, 18], [5, 17], [6, 16]]"
prueba475,AAGCAACCGCGGUAUUUGCUU,"[[1, 21], [2, 20], [3, 19], [4, 18], [5, 17], [6, 16]]"
prueba476,CAUUCGCGAAGCGGUCGAAUG,"[[1, 21], [2, 20], [3, 19], [4, 18], [5, 17], [6, 16]]"
prueba477,AAGCAGGCUUAUCAACUGCUU,"[[1, 21], [2, 20], [3, 19], [4, 18], [5, 17], [6, 16]]"
prueba478,CUGAUUUGUGAUGGGAAUCAG,"[[1, 21], [2, 20], [3, 19], [4, 18], [5, 17], [6, 16]]"
prueba479,CCGCGAACGAGAUGCUCGCGG,"[[1, 21], [2, 20], [3, 19], [4, 18], [5, 17], [6, 16]]"
prueba480,UCUACGUUAAAUCUUCGUAGA,"[[1, 21], [2, 20], [3, 19], [4, 18], [5, 17], [6, 16]]"
prueba481,GCAUUGAUUGUUACCCAAUGC,"[[1, 21], [2, 20], [3, 19], [4, 18], [5, 17], [6, 16]]"
prueba482,UGCUUUCUGCUGAAGAAAGCA,"[[1, 21], [2, 20], [3, 19], [4, 18], [5, 17], [6, 16]]"
prueba483,UCCUGCGAGGCGUCUGCAGGA,"[[1, 21], [2, 20], [3, 19], [4, 18], [5, 17], [6, 16]]"
prueba484,GGGUUAUCUAGCACUUAACCC,"[[1, 21], [2, 20], [3, 19], [4, 18], [5, 17], [6, 16]]"
prueba485,ACAUUGGGAAUGAUUCAAUGU,"[[1, 21], [2, 20], [3, 19], [4, 18], [5, 17], [6, 16]]"
prueba486,AGCGCUUCAGCUCUGAGCGCU,"[[1, 21], [2, 20], [3, 19], [4, 18], [5, 17], [6, 16]]"
prueba487,AGGGCCAUUGUCGGAGGCCCU,"[[1, 21], [2, 20], [3, 19], [4, 18], [5, 17], [6, 16]]"
prueba488,AGAACUCAUAAGGCUAGUUCU,"[[1, 21], [2, 20], [3, 19], [4, 18], [5, 17], [6, 16]]"
prueba489,CUCUUAGAGAUCCCAUAAGAG,"[[1, 21], [2, 20], [3, 19], [4, 18], [5, 17], [6, 16]]"
prueba490,CCCCAAGCCCCGUCGUUGGGG,"[[1, 21], [2, 20], [3, 19], [4, 18], [5, 17], [6, 16]]"
prueba491,AUAAUCCGUACGAAGGAUUAU,"[[1, 21], [2, 20], [3, 19], [4, 18], [5, 17], [6, 16]]"
prueba492,UAAUGGCAAAUCGAACCAUUA,"[[1, 21], [2, 20], [3, 19], [4, 18], [5, 17], [6, 16]]"
prueba493,GUCGAUACCCUGUAGAUCGAC,"[[1, 21], [2, 20], [3, 19], [4, 18], [5, 17], [6, 16]]"
prueba494,CUGGCGGUGCUGUCCCGCCAG,"[[1, 21], [2, 20], [3, 19], [4, 18], [5, 17], [6, 16]]"
prueba495,AUAGAUAGCUGCUAAAUCUAU,"[[1, 21], [2, 20], [3, 19], [4, 18], [5, 17], [6, 16]]"
prueba496,CCUCACUAGUGCUACGUGAGG,"[[1, 21], [2, 20], [3, 19], [4, 18], [5, 17], [6, 16]]"
prueba497,AUUGCCCUUUCAACGGGCAAU,"[[1, 21], [2, 20], [3, 19], [4, 18], [5, 17], [6, 16]]"
prueba498,AAACACACUACGUAAGUGUUU,"[[1, 21], [2, 20], [3, 19], [4, 18], [5, 17], [6, 16]]"
prueba499,CCGCGGGCAGGCAUUCCGCGG,"[[1, 21], [2, 20], [3, 19], [4, 18], [5, 17], [6, 16]]"
prueba500,CGAAUUCGCGACUCGAAUUCG,"[[1, 21], [2, 20], [3, 19], [4, 18], [5, 17], [6, 16]]"
prueba501,AAUGCAUGCGAAGGCUGCAUU,"[[1, 21], [2, 20], [3, 19], [4, 18], [5, 17], [6, 16]]"
prueba502,CUGGCAGUAUAAAACUGCCAG,"[[1, 21], [2, 20], [3, 19], [4, 18], [5, 17], [6, 16]]"
prueba503,CCACUGAAUGGAAGGCAGUGG,"[[1, 21], [2, 20], [3, 19], [4, 18], [5, 17], [6, 16]]"
prueba504,AACCGCGAUGGCUCGGCGGUU,"[[1, 21], [2, 20], [3, 19], [4, 18], [5, 17], [6, 16]]"
prueba505,CAUCCUCUCGAACCCAGGAUG,"[[1, 21], [2, 20], [3, 19], [4, 18], [5, 17], [6, 16]]"
prueba506,UGGAUACAAUAAACAUAUCCA,"[[1, 21], [2, 20], [3, 19], [4, 18], [5, 17], [6, 16]]"
prueba507,UAAGCCUCGUGGAUGGGCUUA,"[[1, 21], [2, 20], [3, 19], [4, 18], [5, 17], [6, 16]]"
prueba508,CUCCGCACGGGAACAGCGGAG,"[[1, 21], [2, 20], [3, 19], [4, 18], [5, 17], [6, 16]]"
prueba509,ACUGGAUUCUCGAACUCCAGU,"[[1, 21], [2, 20], [3, 19], [4, 18], [5, 17], [6, 16]]"
prueba510,AAAACUUUCGUUCCCAGUUUU,"[[1, 21], [2, 20], [3, 19], [4, 18], [5, 17], [6, 16]]"
prueba511,UCUAGUGGGCAUGUUACUAGA,"[[1, 21], [2, 20], [3, 19], [4, 18], [5, 17], [6, 16]]"
prueba512,AUUGUAUUUGUCGUUUACAAU,"[[1, 21], [2, 20], [3, 19], [4, 18], [5, 17], [6, 16]]"
prueba513,AUACCCGGAGGUACUGGGUAU,"[[1, 21], [2, 20], [3, 19], [4, 18], [5, 17], [6, 16]]"
prueba514,CUCAUAGUCUAAACUUAUGAG,"[[1, 21], [2, 20], [3, 19], [4, 18], [5, 17], [6, 16]]"
prueba515,UCUAAUAUACAUUUUAUUAGA,"[[1, 21], [2, 20], [3, 19], [4, 18], [5, 17], [6, 16]]"
prueba516,UCACCCUAGCCACUGGGGUGA,"[[1, 21], [2, 20], [3, 19], [4, 18], [5, 17], [6, 16]]"
prueba517,GACAUUCGAGAGUACAAUGUC,"[[1, 21], [2, 20], [3, 19], [4, 18], [5, 17], [6, 16]]"
prueba518,ACCCGUACGGUUCACACGGGU,"[[1, 21], [2, 20], [3, 19], [4, 18], [5, 17], [6, 16]]"
prueba519,GUACGUAAGAGUUUAACGUAC,"[[1, 21], [2, 20], [3, 19], [4, 18], [5, 17], [6, 16]]"
prueba520,CCGUGAUUACCCCCUUCACGG,"[[1, 21], [2, 20], [3, 19], [4, 18], [5, 17], [6, 16]]"
prueba521,UGUCUCUGCAAGGCUGAGACA,"[[1, 21], [2, 20], [3, 19], [4, 18], [5, 17], [6, 16]]"
prueba522,CUGGUCAUUGGGAGCGACCAG,"[[1, 21], [2, 20], [3, 19], [4, 18], [5, 17], [6, 16]]"
prueba523,ACUUUUCUCGCAUUGAAAAGU,"[[1, 21], [2, 20], [3, 19], [4, 18], [5, 17], [6, 16]]"
prueba524,GGCAAUGGUUCGGAGAUUGCC,"[[1, 21], [2, 20], [3, 19], [4, 18], [5, 17], [6, 16]]"
prueba525,UUGUACUAUACCUGCGUACAA,"[[1, 21], [2, 20], [3, 19], [4, 18], [5, 17], [6, 16]]"
prueba526,AGAAAUCAGCCGUGUAUUUCU,"[[1, 21], [2, 20], [3, 19], [4, 18], [5, 17], [6, 16]]"
prueba527,ACCUUUUUGUAGUGAAAAGGU,"[[1, 21], [2, 20], [3, 19], [4, 18], [5, 17], [6, 16]]"
prueba528,AACAGCGAUACACUUGCUGUU,"[[1, 21], [2, 20], [3, 19], [4, 18], [5, 17], [6, 16]]"
prueba529,UCAGGCGCGGACACCGCCUGA,"[[1, 21], [2, 20], [3, 19], [4, 18], [5, 17], [6, 16]]"
prueba530,AGUCGAGUGGUUGUGUCGACU,"[[1, 21], [2, 20], [3, 19], [4, 18], [5, 17], [6, 16]]"
prueba531,CCACUGUCCCCAUGACAGUGG,"[[1, 21], [2, 20], [3, 19], [4, 18], [5, 17], [6, 16]]"
prueba532,AAAAGUACGACGAAGACUUUU,"[[1, 21], [2, 20], [3, 19], [4, 18], [5, 17], [6, 16]]"
prueba533,UCAGGAUUGUGGCAGUCCUGA,"[[1, 21], [2, 20], [3, 19], [4, 18], [5, 17], [6, 16]]"
prueba534,AUGCUCACAUUGCCUGAGCAU,"[[1, 21], [2, 20], [3, 19], [4, 18], [5, 17], [6, 16]]"
prueba535,UUGAAGGUUUGUUAACUUCAA,"[[1, 21], [2, 20], [3, 19], [4, 18], [5, 17], [6, 16]]"
prueba536,UAGGGGAGAAAAUAACCCCUA,"[[1, 21], [2, 20], [3, 19], [4, 18], [5, 17], [6, 16]]"
prueba537,AAUCGCAUCGAGGCCGCGAUU,"[[1, 21], [2, 20], [3, 19], [4, 18], [5, 17], [6, 16]]"
prueba538,UCCUCCGUUCCCCACGGAGGA,"[[1, 21], [2, 20], [3, 19], [4, 18], [5, 17], [6, 16]]"
prueba539,UCUCGCCUGUGCUCCGCGAGA,"[[1, 21], [2, 20], [3, 19], [4, 18], [5, 17], [6, 16]]"
prueba540,UAAUCUGGUUGAGAGAGAUUA,"[[1, 21], [2, 20], [3, 19], [4, 18], [5, 17], [6, 16]]"
prueba541,GACAACUAUGUAAUCGUUGUC,"[[1, 21], [2, 20], [3, 19], [4, 18], [5, 17], [6, 16]]"
prueba542,AUGGCCCGAAACUCAGGCCAU,"[[1, 21], [2, 20], [3, 19], [4, 18], [5, 17], [6, 16]]"
prueba543,CGUCGACUAAUUUCCUCGACG,"[[1, 21], [2, 20], [3, 19], [4, 18], [5, 17], [6, 16]]"
prueba544,AUAUACUACAGCAUUGUAUAU,"[[1, 21], [2, 20], [3, 19], [4, 18], [5, 17], [6, 16]]"
prueba545,GAUUAUGUGUAAUUGAUAAUC,"[[1, 21], [2, 20], [3, 19], [4, 18], [5, 17], [6, 16]]"
prueba546,UAUCCAUGUCGGGGCUGGAUA,"[[1, 21], [2, 20], [3, 19], [4, 18], [5, 17], [6, 16]]"
prueba547,AGCGAGGGCAGUGCGCUCGCU,"[[1, 21], [2, 20], [3, 19], [4, 18], [5, 17], [6, 16]]"
prueba548,GGGGACUACAUUCCCGUCCCC,"[[1, 21], [2, 20], [3, 19], [4, 18], [5, 17], [6, 16]]"
prueba549,AAGCCCCGAUAGCAAGGGCUU,"[[1, 21], [2, 20], [3, 19], [4, 18], [5, 17], [6, 16]]"
prueba550,AGGACAUAAUAUUACUGUCCU,"[[1, 21], [2, 20], [3, 19], [4, 18], [5, 17], [6, 16]]"
prueba551,AACAUAGAUAGCCGAUAUGUU,"[[1, 21], [2, 20], [3, 19], [4, 18], [5, 17], [6, 16]]"
prueba552,UGUUUAACUGCUGUGUAAACA,"[[1, 21], [2, 20], [3, 19], [4, 18], [5, 17], [6, 16]]"
prueba553,CGGAUUUCGGGGGGGAAUCCG,"[[1, 21], [2, 20], [3, 19], [4, 18], [5, 17], [6, 16]]"
prueba554,GCCAAAUAUGGAAUCUUUGGC,"[[1, 21], [2, 20], [3, 19], [4, 18], [5, 17], [6, 16]]"
prueba555,AAUUACUUCUUCGUUGUAAUU,"[[1, 21], [2, 20], [3, 19], [4, 18], [5, 17], [6, 16]]"
prueba556,CGCUCAAGUAUGUGGUGAGCG,"[[1, 21], [2, 20], [3, 19], [4, 18], [5, 17], [6, 16]]"
prueba557,AACGUUAUGCAUGCCAACGUU,"[[1, 21], [2, 20], [3, 19], [4, 18], [5, 17], [6, 16]]"
prueba558,UAAUUGGAAUGACUGCAAUUA,"[[1, 21], [2, 20], [3, 19], [4, 18], [5, 17], [6, 16]]"
prueba559,ACAUCUGAUUGGUACAGAUGU,"[[1, 21], [2, 20], [3, 19], [4, 18], [5, 17], [6, 16]]"
prueba560,GUCGGGCGGUUCGAUCCCGAC,"[[1, 21], [2, 20], [3, 19], [4, 18], [5, 17], [6, 16]]"
prueba561,AAGCCAAGGCAUAGAUGGCUU,"[[1, 21], [2, 20], [3, 19], [4, 18], [5, 17], [6, 16]]"
prueba562,GUGGCUUGGCACUGCAGCCAC,"[[1, 21], [2, 20], [3, 19], [4, 18], [5, 17], [6, 16]]"
prueba563,ACCGCUCAAUUUAUGAGCGGU,"[[1, 21], [2, 20], [3, 19], [4, 18], [5, 17], [6, 16]]"
prueba564,GCCCCCUAGCGCAACGGGGGC,"[[1, 21], [2, 20], [3, 19], [4, 18], [5, 17], [6, 16]]"
prueba565,CCUCGCUCCCCGUUAGCGAGG,"[[1, 21], [2, 20], [3, 19], [4, 18], [5, 17], [6, 16]]"
prueba566,CCUUCUCGAAUUUUCAGAAGG,"[[1, 21], [2, 20], [3, 19], [4, 18], [5, 17], [6, 16]]"
prueba567,UGUACUCUAUCCCAAAGUACA,"[[1, 21], [2, 20], [3, 19], [4, 18], [5, 17], [6, 16]]"
prueba568,UCAUCUAUGUAUGCAAGAUGA,"[[1, 21], [2, 20], [3, 19], [4, 18], [5, 17], [6, 16]]"
prueba569,UGGCUUUCACCGGUUAAGCCA,"[[1, 21], [2, 20], [3, 19], [4, 18], [5, 17], [6, 16]]"
prueba570,CACUGGAGUACUUUGCCAGUG,"[[1, 21], [2, 20], [3, 19], [4, 18], [5, 17], [6, 16]]"
prueba571,AGGUAGCGUUUUUGUCUACCU,"[[1, 21], [2, 20], [3, 19], [4, 18], [5, 17], [6, 16]]"
prueba572,GGUUUUUCUGUAUAGAAAACC,"[[1, 21], [2, 20], [3, 19], [4, 18], [5, 17], [6, 16]]"
prueba573,AAGGGUGUAGCAUUUACCCUU,"[[1, 21], [2, 20], [3, 19], [4, 18], [5, 17], [6, 16]]"
prueba574,CUCGCGCCGGACCCCCGCGAG,"[[1, 21], [2, 20], [3, 19], [4, 18], [5, 17], [6, 16]]"
prueba575,UCUAACCGAGCGGUGGUUAGA,"[[1, 21], [2, 20], [3, 19], [4, 18], [5, 17], [6, 16]]"
prueba576,GGGCUGCAACAACAGCAGCCC,"[[1, 21], [2, 20], [3, 19], [4, 18], [5, 17], [6, 16]]"
prueba577,GUUCGCGACGCUAACGCGAAC,"[[1, 21], [2, 20], [3, 19], [4, 18], [5, 17], [6, 16]]"
prueba578,UUGCGCACUAAUGGGGCGCAA,"[[1, 21], [2, 20], [3, 19], [4, 18], [5, 17], [6, 16]]"
prueba579,AGCGCUUAAUGUCUUAGCGCU,"[[1, 21], [2, 20], [3, 19], [4, 18], [5, 17], [6, 16]]"
prueba580,UAGAACCUUGACGGGGUUCUA,"[[1, 21], [2, 20], [3, 19], [4, 18], [5, 17], [6, 16]]"
prueba581,GCAUGUCCCUGGUCAACAUGC,"[[1, 21], [2, 20], [3, 19], [4, 18], [5, 17], [6, 16]]"
prueba582,ACUACGUUACGGCAUCGUAGU,"[[1, 21], [2, 20], [3, 19], [4, 18], [5, 17], [6, 16]]"
prueba583,GAUGCGCAAGAUUAACGCAUC,"[[1, 21], [2, 20], [3, 19], [4, 18], [5, 17], [6, 16]]"
prueba584,GAUCACUUCGCAGAUGUGAUC,"[[1, 21], [2, 20], [3, 19], [4, 18], [5, 17], [6, 16]]"
prueba585,UGUAAAGCGCAGGACUUUACA,"[[1, 21], [2, 20], [3, 19], [4, 18], [5, 17], [6, 16]]"
prueba586,UCACUCCAAACAUUUGAGUGA,"[[1, 21], [2, 20], [3, 19], [4, 18], [5, 17], [6, 16]]"
prueba587,UGUACGCUUAGCCACCGUACA,"[[1, 21], [2, 20], [3, 19], [4, 18], [5, 17], [6, 16]]"
prueba588,UUCUUUGAUAAAAAAAAAGAA,"[[1, 21], [2, 20], [3, 19], [4, 18], [5, 17], [6, 16]]"
prueba589,UCCAGGCCGAUCCAUCCUGGA,"[[1, 21], [2, 20], [3, 19], [4, 18], [5, 17], [6, 16]]"
prueba590,AACUGGACAAGCUCUCCAGUU,"[[1, 21], [2, 20], [3, 19], [4, 18], [5, 17], [6, 16]]"
prueba591,CACCUCGAACCAGUAGAGGUG,"[[1, 21], [2, 20], [3, 19], [4, 18], [5, 17], [6, 16]]"
prueba592,AGCUGAUUAAUGGUAUCAGCU,"[[1, 21], [2, 20], [3, 19], [4, 18], [5, 17], [6, 16]]"
prueba593,UCCGGUGUGGAAGCAACCGGA,"[[1, 21], [2, 20], [3, 19], [4, 18], [5, 17], [6, 16]]"
prueba594,AAAUCACUAGAUCCGUGAUUU,"[[1, 21], [2, 20], [3, 19], [4, 18], [5, 17], [6, 16]]"
prueba595,UCGGAGGAGACUGCACUCCGA,"[[1, 21], [2, 20], [3, 19], [4, 18], [5, 17], [6, 16]]"
prueba596,AGUACUUGUCAUACGAGUACU,"[[1, 21], [2, 20], [3, 19], [4, 18], [5, 17], [6, 16]]"
prueba597,GGUAUCGAUAAGUUGGAUACC,"[[1, 21], [2, 20], [3, 19], [4, 18], [5, 17], [6, 16]]"
prueba598,CGCAUCGUUUUGUUCGAUGCG,"[[1, 21], [2, 20], [3, 19], [4, 18], [5, 17], [6, 16]]"
prueba599,ACGUUACCUGACAUAUAACGU,"[[1, 21], [2, 20], [3, 19], [4, 18], [5, 17], [6, 16]]"
prueba600,GUAUUGUCAGAUAUACAAUAC,"[[1, 21], [2, 20], [3, 19], [4, 18], [5, 17], [6, 16]]"
prueba601,CACAUAAAUGUGUUAUAUGUG,"[[1, 21], [2, 20], [3, 19], [4, 18], [5, 17], [6, 16]]"
prueba602,AGUAGCCCACGGGGGGCUACU,"[[1, 21], [2, 20], [3, 19], [4, 18], [5, 17], [6, 16]]"
prueba603,AAGUGGCGCUGCCAACCACUU,"[[1, 21], [2, 20], [3, 19], [4, 18], [5, 17], [6, 16]]"
prueba604,AGGACGGACCAAAUACGUCCU,"[[1, 21], [2, 20], [3, 19], [4, 18], [5, 17], [6, 16]]"
prueba605,UAGUCGAUUAGGCAGCGACUA,"[[1, 21], [2, 20], [3, 19], [4, 18], [5, 17], [6, 16]]"
prueba606,CUCUGUUCAACCGGUACAGAG,"[[1, 21], [2, 20], [3, 19], [4, 18], [5, 17], [6, 16]]"
prueba607,UGAAACCUCACGUCCGUUUCA,"[[1, 21], [2, 20], [3, 19], [4, 18], [5, 17], [6, 16]]"
prueba608,AGGACAUAGUGUGGGUGUCCU,"[[1, 21], [2, 20], [3, 19], [4, 18], [5, 17], [6, 16]]"
prueba609,AACGGUCUAUCAGAAACCGUU,"[[1, 21], [2, 20], [3, 19], [4, 18], [5, 17], [6, 16]]"
prueba610,GUGGCAAUGACUGAGUGCCAC,"[[1, 21], [2, 20], [3, 19], [4, 18], [5, 17], [6, 16]]"
prueba611,UCCAGACUCCUGAAGUCUGGA,"[[1, 21], [2, 20], [3, 19], [4, 18], [5, 17], [6, 16]]"
prueba612,ACGACUGUUGGGGUGAGUCGU,"[[1, 21], [2, 20], [3, 19], [4, 18], [5, 17], [6, 16]]"
prueba613,UCGAGUACGGGGGUUACUCGA,"[[1, 21], [2, 20], [3, 19], [4, 18], [5, 17], [6, 16]]"
prueba614,GCUGGUCUCCACCUCACCAGC,"[[1, 21], [2, 20], [3, 19], [4, 18], [5, 17], [6, 16]]"
prueba615,UGAGACACUCUAUUUGUCUCA,"[[1, 21], [2, 20], [3, 19], [4, 18], [5, 17], [6, 16]]"
prueba616,CGCCCUGGGACCAGUAGGGCG,"[[1, 21], [2, 20], [3, 19], [4, 18], [5, 17], [6, 16]]"
prueba617,AGAGUAGACGGCGGAUACUCU,"[[1, 21], [2, 20], [3, 19], [4, 18], [5, 17], [6, 16]]"
prueba618,CUAUGGGUAGCUAGCCCAUAG,"[[1, 21], [2, 20], [3, 19], [4, 18], [5, 17], [6, 16]]"
prueba619,GUUCUUACAGCAAUCAAGAAC,"[[1, 21], [2, 20], [3, 19], [4, 18], [5, 17], [6, 16]]"
prueba620,GACAUACAAAAACGCUAUGUC,"[[1, 21], [2, 20], [3, 19], [4, 18], [5, 17], [6, 16]]"
prueba621,CCGCCGGAUCUGCGGCGGCGG,"[[1, 21], [2, 20], [3, 19], [4, 18], [5, 17], [6, 16]]"
prueba622,GUUUCCCUUUAACAUGGAAAC,"[[1, 21], [2, 20], [3, 19], [4, 18], [5, 17], [6, 16]]"
prueba623,CUAGCUCCGAUAAAGAGCUAG,"[[1, 21], [2, 20], [3, 19], [4, 18], [5, 17], [6, 16]]"
prueba624,GGCUAUAGGACGACAAUAGCC,"[[1, 21], [2, 20], [3, 19], [4, 18], [5, 17], [6, 16]]"
prueba625,CGCUGUCAUCUGAAGACAGCG,"[[1, 21], [2, 20], [3, 19], [4, 18], [5, 17], [6, 16]]"
prueba626,CAGGUCGAUACACCAGACCUG,"[[1, 21], [2, 20], [3, 19], [4, 18], [5, 17], [6, 16]]"
prueba627,UGUGCCAGCGGCAGUGGCACA,"[[1, 21], [2, 20], [3, 19], [4, 18], [5, 17], [6, 16]]"
prueba628,CUGACAUACACAUACUGUCAG,"[[1, 21], [2, 20], [3, 19], [4, 18], [5, 17], [6, 16]]"
prueba629,AAGCUAGACCGGAGCUAGCUU,"[[1, 21], [2, 20], [3, 19], [4, 18], [5, 17], [6, 16]]"
prueba630,ACGGCGCGCGCUAGGCGCCGU,"[[1, 21], [2, 20], [3, 19], [4, 18], [5, 17], [6, 16]]"
prueba631,GCUGUCCUCGGGAGCGACAGC,"[[1, 21], [2, 20], [3, 19], [4, 18], [5, 17], [6, 16]]"
prueba632,UAAUGUCUUUAUACGACAUUA,"[[1, 21], [2, 20], [3, 19], [4, 18], [5, 17], [6, 16]]"
prueba633,CAGCUAUUCCAGGUUUAGCUG,"[[1, 21], [2, 20], [3, 19], [4, 18], [5, 17], [6, 16]]"
prueba634,UUUGGAGGGGAGCGAUCCAAA,"[[1, 21], [2, 20], [3, 19], [4, 18], [5, 17], [6, 16]]"
prueba635,CUACAGCGGGACGCUCUGUAG,"[[1, 21], [2, 20], [3, 19], [4, 18], [5, 17], [6, 16]]"
prueba636,CACGGGCGCCGGUCGCCCGUG,"[[1, 21], [2, 20], [3, 19], [4, 18], [5, 17], [6, 16]]"
prueba637,CACUCGGCGAUGCAGCGAGUG,"[[1, 21], [2, 20], [3, 19], [4, 18], [5, 17], [6, 16]]"
prueba638,GAAAAGCGUACAGGACUUUUC,"[[1, 21], [2, 20], [3, 19], [4, 18], [5, 17], [6, 16]]"
prueba639,AAACGGAUAAUCAGGCCGUUU,"[[1, 21], [2, 20], [3, 19], [4, 18], [5, 17], [6, 16]]"
prueba640,CGGGUAUUGAGUAUUUACCCG,"[[1, 21], [2, 20], [3, 19], [4, 18], [5, 17], [6, 16]]"
prueba641,UGUAGAAUAUUUGCAUCUACA,"[[1, 21], [2, 20], [3, 19], [4, 18], [5, 17], [6, 16]]"
prueba642,GGUAUAACUCCCAACUAUACC,"[[1, 21], [2, 20], [3, 19], [4, 18], [5, 17], [6, 16]]"
prueba643,CCAAAACGAGCAGCAUUUUGG,"[[1, 21], [2, 20], [3, 19], [4, 18], [5, 17], [6, 16]]"
prueba644,CGUUACAUUCCGGAUGUAACG,"[[1, 21], [2, 20], [3, 19], [4, 18], [5, 17], [6, 16]]"
prueba645,GUUGUAUAUUUGCGCUACAAC,"[[1, 21], [2, 20], [3, 19], [4, 18], [5, 17], [6, 16]]"
prueba646,GGUGAAAUAGCUUGUUUCACC,"[[1, 21], [2, 20], [3, 19], [4, 18], [5, 17], [6, 16]]"
prueba647,UGCUGGCUCUGGUGUCCAGCA,"[[1, 21], [2, 20], [3, 19], [4, 18], [5, 17], [6, 16]]"
prueba648,CAGACAGGCAUCUAUUGUCUG,"[[1, 21], [2, 20], [3, 19], [4, 18], [5, 17], [6, 16]]"
prueba649,CCUUCCAAGAUUGGAGGAAGG,"[[1, 21], [2, 20], [3, 19], [4, 18], [5, 17], [6, 16]]"
prueba650,AACUUACUGGGAGACUAAGUU,"[[1, 21], [2, 20], [3, 19], [4, 18], [5, 17], [6, 16]]"
prueba651,UGAUAGUGUCUAAGGCUAUCA,"[[1, 21], [2, 20], [3, 19], [4, 18], [5, 17], [6, 16]]"
prueba652,AUCGGUUGAGUGAUCACCGAU,"[[1, 21], [2, 20], [3, 19], [4, 18], [5, 17], [6, 16]]"
prueba653,CAGUGGAUUGUGGAACCACUG,"[[1, 21], [2, 20], [3, 19], [4, 18], [5, 17], [6, 16]]"
prueba654,AUACUGUAUUGUGUACAGUAU,"[[1, 21], [2, 20], [3, 19], [4, 18], [5, 17], [6, 16]]"
prueba655,GGUGGAUCUCAAGCAUCCACC,"[[1, 21], [2, 20], [3, 19], [4, 18], [5, 17], [6, 16]]"
prueba656,CCAGAUGCCGUUUGGAUCUGG,"[[1, 21], [2, 20], [3, 19], [4, 18], [5, 17], [6, 16]]"
prueba657,ACAACAUCUUCACAUUGUUGU,"[[1, 21], [2, 20], [3, 19], [4, 18], [5, 17], [6, 16]]"
prueba658,AACUUCGGCCCUCAUGAAGUU,"[[1, 21], [2, 20], [3, 19], [4, 18], [5, 17], [6, 16]]"
prueba659,GAAAGGUCUCGACCCCCUUUC,"[[1, 21], [2, 20], [3, 19], [4, 18], [5, 17], [6, 16]]"
prueba660,UGGGGGAACAUUCGUCCCCCA,"[[1, 21], [2, 20], [3, 19], [4, 18], [5, 17], [6, 16]]"
prueba661,GGCGACGACUAGGACGUCGCC,"[[1, 21], [2, 20], [3, 19], [4, 18], [5, 17], [6, 16]]"
prueba662,CCCACCACAGGUGUAGGUGGG,"[[1, 21], [2, 20], [3, 19], [4, 18], [5, 17], [6, 16]]"
prueba663,CUGCCCAACAUAUAUGGGCAG,"[[1, 21], [2, 20], [3, 19], [4, 18], [5, 17], [6, 16]]"
prueba664,UAGAGUUGGGUAAACACUCUA,"[[1, 21], [2, 20], [3, 19], [4, 18], [5, 17], [6, 16]]"
prueba665,GUCGUAGGUCCGAUCUACGAC,"[[1, 21], [2, 20], [3, 19], [4, 18], [5, 17], [6, 16]]"
prueba666,AGACCAGCGUAGGCGUGGUCU,"[[1, 21], [2, 20], [3, 19], [4, 18], [5, 17], [6, 16]]"
prueba667,GCUUUUAGGGGACUUAAAAGC,"[[1, 21], [2, 20], [3, 19], [4, 18], [5, 17], [6, 16]]"
prueba668,ACGGAUGGUUAGGAGAUCCGU,"[[1, 21], [2, 20], [3, 19], [4, 18], [5, 17], [6, 16]]"
prueba669,GUAUAGCAAAUAUAUCUAUAC,"[[1, 21], [2, 20], [3, 19], [4, 18], [5, 17], [6, 16]]"
prueba670,GCUCGGGCCCCAGGCCCGAGC,"[[1, 21], [2, 20], [3, 19], [4, 18], [5, 17], [6, 16]]"
prueba671,CGCGACCUCGGGAGAGUCGCG,"[[1, 21], [2, 20], [3, 19], [4, 18], [5, 17], [6, 16]]"
prueba672,UCCACCACCCAUCGUGGUGGA,"[[1, 21], [2, 20], [3, 19], [4, 18], [5, 17], [6, 16]]"
prueba673,UUGUCUUGAACACUAAGACAA,"[[1, 21], [2, 20], [3, 19], [4, 18], [5, 17], [6, 16]]"
prueba674,AGCAGAAAGUCAUUUUCUGCU,"[[1, 21], [2, 20], [3, 19], [4, 18], [5, 17], [6, 16]]"
prueba675,CUAUUCUUAACGUAUGAAUAG,"[[1, 21], [2, 20], [3, 19], [4, 18], [5, 17], [6, 16]]"
prueba676,CUGAAGUAUCGACCGCUUCAG,"[[1, 21], [2, 20], [3, 19], [4, 18], [5, 17], [6, 16]]"
prueba677,GGUCCUUUACGUCGAAGGACC,"[[1, 21], [2, 20], [3, 19], [4, 18], [5, 17], [6, 16]]"
prueba678,UGACAGAGAUUUAUCCUGUCA,"[[1, 21], [2, 20], [3, 19], [4, 18], [5, 17], [6, 16]]"
prueba679,UAAGCUGUACUCUCCAGCUUA,"[[1, 21], [2, 20], [3, 19], [4, 18], [5, 17], [6, 16]]"
prueba680,AAAUCUUCCUCGGUCAGAUUU,"[[1, 21], [2, 20], [3, 19], [4, 18], [5, 17], [6, 16]]"
prueba681,AGUGGGAAGAAGUAGCCCACU,"[[1, 21], [2, 20], [3, 19], [4, 18], [5, 17], [6, 16]]"
prueba682,CGGGAUCUGGUGUGAAUCCCG,"[[1, 21], [2, 20], [3, 19], [4, 18], [5, 17], [6, 16]]"
prueba683,CGGUCAGCUCUACGCUGACCG,"[[1, 21], [2, 20], [3, 19], [4, 18], [5, 17], [6, 16]]"
prueba684,CUGUGCCUUCAGGUUGCACAG,"[[1, 21], [2, 20], [3, 19], [4, 18], [5, 17], [6, 16]]"
prueba685,CGGGACGUAUAACCAGUCCCG,"[[1, 21], [2, 20], [3, 19], [4, 18], [5, 17], [6, 16]]"
prueba686,UUAGUGGCCAAUGGGCACUAA,"[[1, 21], [2, 20], [3, 19], [4, 18], [5, 17], [6, 16]]"
prueba687,ACUCGGCUUGAGGCGCCGAGU,"[[1, 21], [2, 20], [3, 19], [4, 18], [5, 17], [6, 16]]"
prueba688,GUAAUAGGCGUCCUAUAUUAC,"[[1, 21], [2, 20], [3, 19], [4, 18], [5, 17], [6, 16]]"
prueba689,ACUAUCUAUAGCAGAGAUAGU,"[[1, 21], [2, 20], [3, 19], [4, 18], [5, 17], [6, 16]]"
prueba690,AGGGACUUCGUGGCUGUCCCU,"[[1, 21], [2, 20], [3, 19], [4, 18], [5, 17], [6, 16]]"
prueba691,AGGUUCGUUCCACUUGAACCU,"[[1, 21], [2, 20], [3, 19], [4, 18], [5, 17], [6, 16]]"
prueba692,GGGUGGAUAUAAAACCCACCC,"[[1, 21], [2, 20], [3, 19], [4, 18], [5, 17], [6, 16]]"
prueba693,CGACCCCGCGUUGGCGGGUCG,"[[1, 21], [2, 20], [3, 19], [4, 18], [5, 17], [6, 16]]"
prueba694,AAGUGACCCUUUCGUUCACUU,"[[1, 21], [2, 20], [3, 19], [4, 18], [5, 17], [6, 16]]"
prueba695,UAUAGUCGGACGUUCACUAUA,"[[1, 21], [2, 20], [3, 19], [4, 18], [5, 17], [6, 16]]"
prueba696,GCGUCAGAGGAUACCUGACGC,"[[1, 21], [2, 20], [3, 19], [4, 18], [5, 17], [6, 16]]"
prueba697,AGAGUAAUGCAGCUCUACUCU,"[[1, 21], [2, 20], [3, 19], [4, 18], [5, 17], [6, 16]]"
prueba698,AGCGAGCGGCAAUACCUCGCU,"[[1, 21], [2, 20], [3, 19], [4, 18], [5, 17], [6, 16]]"
prueba699,AAGCGCCCCCGAGCCGCGCUU,"[[1, 21], [2, 20], [3, 19], [4, 18], [5, 17], [6, 16]]"
prueba700,AGGCGUAUAACUAUUACGCCU,"[[1, 21], [2, 20], [3, 19], [4, 18], [5, 17], [6, 16]]"
prueba701,UGUACCGUGUUCUAGGGUACA,"[[1, 21], [2, 20], [3, 19], [4, 18], [5, 17], [6, 16]]"
prueba702,UUCAGUGCAGGCCAAACUGAA,"[[1, 21], [2, 20], [3, 19], [4, 18], [5, 17], [6, 16]]"
prueba703,ACGUGUCUAGUGAUAACACGU,"[[1, 21], [2, 20], [3, 19], [4, 18], [5, 17], [6, 16]]"
prueba704,CGCACUAUGGCAUCGAGUGCG,"[[1, 21], [2, 20], [3, 19], [4, 18], [5, 17], [6, 16]]"
prueba705,GAAUGCGGGCCAACCGCAUUC,"[[1, 21], [2, 20], [3, 19], [4, 18], [5, 17], [6, 16]]"
prueba706,UAUCUAACCACCCGAUAGAUA,"[[1, 21], [2, 20], [3, 19], [4, 18], [5, 17], [6, 16]]"
prueba707,UAGUGUCUUACGUACACACUA,"[[1, 21], [2, 20], [3, 19], [4, 18], [5, 17], [6, 16]]"
prueba708,GUUCGCAAAUGUCCGGCGAAC,"[[1, 21], [2, 20], [3, 19], [4, 18], [5, 17], [6, 16]]"
prueba709,AGGUCAGGGAGGCAUUGACCU,"[[1, 21], [2, 20], [3, 19], [4, 18], [5, 17], [6, 16]]"
prueba710,GCACCUUGCUGUUCAAGGUGC,"[[1, 21], [2, 20], [3, 19], [4, 18], [5, 17], [6, 16]]"
prueba711,AUGGUGGUCCAUCUGCACCAU,"[[1, 21], [2, 20], [3, 19], [4, 18], [5, 17], [6, 16]]"
prueba712,CAAGGCCUAGCGCUUGCCUUG,"[[1, 21], [2, 20], [3, 19], [4, 18], [5, 17], [6, 16]]"
prueba713,CGAGCGUAAGUGUGUCGCUCG,"[[1, 21], [2, 20], [3, 19], [4, 18], [5, 17], [6, 16]]"
prueba714,GAGCGUGAUGCCGGUACGCUC,"[[1, 21], [2, 20], [3, 19], [4, 18], [5, 17], [6, 16]]"
prueba715,AAUGCCGGCCAUAAGGGCAUU,"[[1, 21], [2, 20], [3, 19], [4, 18], [5, 17], [6, 16]]"
prueba716,CACGAGGAACCGUCUCUCGUG,"[[1, 21], [2, 20], [3, 19], [4, 18], [5, 17], [6, 16]]"
prueba717,AUAUGUCGGGCAGGAACAUAU,"[[1, 21], [2, 20], [3, 19], [4, 18], [5, 17], [6, 16]]"
prueba718,GACCGUCGGAACAUGACGGUC,"[[1, 21], [2, 20], [3, 19], [4, 18], [5, 17], [6, 16]]"
prueba719,CUGUGUCCUUUGUGAACACAG,"[[1, 21], [2, 20], [3, 19], [4, 18], [5, 17], [6, 16]]"
prueba720,UAAGACUGUCCCUUAGUCUUA,"[[1, 21], [2, 20], [3, 19], [4, 18], [5, 17], [6, 16]]"
prueba721,UCUAGAUGGGCGAGGUCUAGA,"[[1, 21], [2, 20], [3, 19], [4, 18], [5, 17], [6, 16]]"
prueba722,CUCGACAUGGCGCGAGUCGAG,"[[1, 21], [2, 20], [3, 19], [4, 18], [5, 17], [6, 16]]"
prueba723,CAGUUGGCAUCGAAGCAACUG,"[[1, 21], [2, 20], [3, 19], [4, 18], [5, 17], [6, 16]]"
prueba724,CGGCAGUCUAUAUGUCUGCCG,"[[1, 21], [2, 20], [3, 19], [4, 18], [5, 17], [6, 16]]"
prueba725,UACCGGCGCAAAUAUCCGGUA,"[[1, 21], [2, 20], [3, 19], [4, 18], [5, 17], [6, 16]]"
prueba726,AAGAGUUGGGGACUAACUCUU,"[[1, 21], [2, 20], [3, 19], [4, 18], [5, 17], [6, 16]]"
prueba727,UGCCUACGUUCAUGUUAGGCA,"[[1, 21], [2, 20], [3, 19], [4, 18], [5, 17], [6, 16]]"
prueba728,CAUACGCAAAUCCCCCGUAUG,"[[1, 21], [2, 20], [3, 19], [4, 18], [5, 17], [6, 16]]"
prueba729,CUGAAAGCUCCGCUUUUUCAG,"[[1, 21], [2, 20], [3, 19], [4, 18], [5, 17], [6, 16]]"
prueba730,CUUUGGGCGCACGAUCCAAAG,"[[1, 21], [2, 20], [3, 19], [4, 18], [5, 17], [6, 16]]"
prueba731,AUUAGUUCUUACAUGACUAAU,"[[1, 21], [2, 20], [3, 19], [4, 18], [5, 17], [6, 16]]"
prueba732,GUCAUUAAUUCCCAGAAUGAC,"[[1, 21], [2, 20], [3, 19], [4, 18], [5, 17], [6, 16]]"
prueba733,CUUAUAAUUCUCGUCUAUAAG,"[[1, 21], [2, 20], [3, 19], [4, 18], [5, 17], [6, 16]]"
prueba734,CCGCGCCACGCCUGGGCGCGG,"[[1, 21], [2, 20], [3, 19], [4, 18], [5, 17], [6, 16]]"
prueba735,CUACGGAGCCAGUUGCCGUAG,"[[1, 21], [2, 20], [3, 19], [4, 18], [5, 17], [6, 16]]"
prueba736,AGCGUUGAUAGGGUAAACGCU,"[[1, 21], [2, 20], [3, 19], [4, 18], [5, 17], [6, 16]]"
prueba737,AGGCGCACUCACCAUGCGCCU,"[[1, 21], [2, 20], [3, 19], [4, 18], [5, 17], [6, 16]]"
prueba738,AUAGGAACGUGCAGGUCCUAU,"[[1, 21], [2, 20], [3, 19], [4, 18], [5, 17], [6, 16]]"
prueba739,AAGAUGGGUUCCGGUCAUCUU,"[[1, 21], [2, 20], [3, 19], [4, 18], [5, 17], [6, 16]]"
prueba740,AAUCAGGAUGCCUCUCUGAUU,"[[1, 21], [2, 20], [3, 19], [4, 18], [5, 17], [6, 16]]"
prueba741,GCAAAAAAACGACAUUUUUGC,"[[1, 21], [2, 20], [3, 19], [4, 18], [5, 17], [6, 16]]"
prueba742,UUCAAACGUAGGUGCUUUGAA,"[[1, 21], [2, 20], [3, 19], [4, 18], [5, 17], [6, 16]]"
prueba743,GAAGGGUUAAGCUUGCCCUUC,"[[1, 21], [2, 20], [3, 19], [4, 18], [5, 17], [6, 16]]"
prueba744,UCAGUCAUGAUAUGCGACUGA,"[[1, 21], [2, 20], [3, 19], [4, 18], [5, 17], [6, 16]]"
prueba745,GGGUCAUGCUUACCUUGACCC,"[[1, 21], [2, 20], [3, 19], [4, 18], [5, 17], [6, 16]]"
prueba746,UAUGUUGCAUACCCAAACAUA,"[[1, 21], [2, 20], [3, 19], [4, 18], [5, 17], [6, 16]]"
prueba747,CAAUAAUGUGCACUAUUAUUG,"[[1, 21], [2, 20], [3, 19], [4, 18], [5, 17], [6, 16]]"
prueba748,AAUUCCUGGUCCUGAGGAAUU,"[[1, 21], [2, 20], [3, 19], [4, 18], [5, 17], [6, 16]]"
prueba749,UCGUUUGUACAAACAAAACGA,"[[1, 21], [2, 20], [3, 19], [4, 18], [5, 17], [6, 16]]"
prueba750,AUGAUCCGUACAAUCGAUCAU,"[[1, 21], [2, 20], [3, 19], [4, 18], [5, 17], [6, 16]]"
prueba751,UUCGCUACAUCCGGUAGCGAA,"[[1, 21], [2, 20], [3, 19], [4, 18], [5, 17], [6, 16]]"
prueba752,GUUUGAAUUAUCCCGUCAAAC,"[[1, 21], [2, 20], [3, 19], [4, 18], [5, 17], [6, 16]]"
prueba753,AGUUGGCCGUGAGUCCCAACU,"[[1, 21], [2, 20], [3, 19], [4, 18], [5, 17], [6, 16]]"
prueba754,UUGGGAACGGCACCGUCCCAA,"[[1, 21], [2, 20], [3, 19], [4, 18], [5, 17], [6, 16]]"
prueba755,UUUCGGCUACGACGCCCGAAA,"[[1, 21], [2, 20], [3, 19], [4, 18], [5, 17], [6, 16]]"
prueba756,CUCCUCCCCAAACACGAGGAG,"[[1, 21], [2, 20], [3, 19], [4, 18], [5, 17], [6, 16]]"
prueba757,UCCCCUUCCCAGGUAAGGGGA,"[[1, 21], [2, 20], [3, 19], [4, 18], [5, 17], [6, 16]]"
prueba758,AAUCAGGUCUCGCCUCUGAUU,"[[1, 21], [2, 20], [3, 19], [4, 18], [5, 17], [6, 16]]"
prueba759,UAACCUGCAACAGGUAGGUUA,"[[1, 21], [2, 20], [3, 19], [4, 18], [5, 17], [6, 16]]"
prueba760,UGAAGCCGAAUAUGCGCUUCA,"[[1, 21], [2, 20], [3, 19], [4, 18], [5, 17], [6, 16]]"
prueba761,UCUAACUUUAGAUUAGUUAGA,"[[1, 21], [2, 20], [3, 19], [4, 18], [5, 17], [6, 16]]"
prueba762,GACCAGCCCCUUCAACUGGUC,"[[1, 21], [2, 20], [3, 19], [4, 18], [5, 17], [6, 16]]"
prueba763,GUUAAGCCGGGUCUCCUUAAC,"[[1, 21], [2, 20], [3, 19], [4, 18], [5, 17], [6, 16]]"
prueba764,AGUGCUGGUUUGCGUAGCACU,"[[1, 21], [2, 20], [3, 19], [4, 18], [5, 17], [6, 16]]"
prueba765,UGCGGUUUGGACAGCACCGCA,"[[1, 21], [2, 20], [3, 19], [4, 18], [5, 17], [6, 16]]"
prueba766,GCGGGGACGGGGUGCCCCCGC,"[[1, 21], [2, 20], [3, 19], [4, 18], [5, 17], [6, 16]]"
prueba767,UCGAAUGCAUUGUUGAUUCGA,"[[1, 21], [2, 20], [3, 19], [4, 18], [5, 17], [6, 16]]"
prueba768,GUCCGGGAACAGGUUCCGGAC,"[[1, 21], [2, 20], [3, 19], [4, 18], [5, 17], [6, 16]]"
prueba769,GCUCUCUCACCCUCAGAGAGC,"[[1, 21], [2, 20], [3, 19], [4, 18], [5, 17], [6, 16]]"
prueba770,CGCCCCAUAGUGUGAGGGGCG,"[[1, 21], [2, 20], [3, 19], [4, 18], [5, 17], [6, 16]]"
prueba771,UUGUCACCCCUUCAAUGACAA,"[[1, 21], [2, 20], [3, 19], [4, 18], [5, 17], [6, 16]]"
prueba772,UAUCUAUUUACCAAAUAGAUA,"[[1, 21], [2, 20], [3, 19], [4, 18], [5, 17], [6, 16]]"
prueba773,CCGACUGACUGCAAGAGUCGG,"[[1, 21], [2, 20], [3, 19], [4, 18], [5, 17], [6, 16]]"
prueba774,GAGUUUUAAGGGGGAAAACUC,"[[1, 21], [2, 20], [3, 19], [4, 18], [5, 17], [6, 16]]"
prueba775,AUCCAAAUUUCCGCCUUGGAU,"[[1, 21], [2, 20], [3, 19], [4, 18], [5, 17], [6, 16]]"
prueba776,CACGAUUCGGGGUGCAUCGUG,"[[1, 21], [2, 20], [3, 19], [4, 18], [5, 17], [6, 16]]"
prueba777,GCUGCUACUUUUCACAGCAGC,"[[1, 21], [2, 20], [3, 19], [4, 18], [5, 17], [6, 16]]"
prueba778,GCACCGUUGAUCGGUCGGUGC,"[[1, 21], [2, 20], [3, 19], [4, 18], [5, 17], [6, 16]]"
prueba779,UAAUACCAGAAUCUUGUAUUA,"[[1, 21], [2, 20], [3, 19], [4, 18], [5, 17], [6, 16]]"
prueba780,CCCUAUAAGCGAAUAAUAGGG,"[[1, 21], [2, 20], [3, 19], [4, 18], [5, 17], [6, 16]]"
prueba781,CGUCGUUAGACUAUGACGACG,"[[1, 21], [2, 20], [3, 19], [4, 18], [5, 17], [6, 16]]"
prueba782,GACCUAUUAUCACUAUAGGUC,"[[1, 21], [2, 20], [3, 19], [4, 18], [5, 17], [6, 16]]"
prueba783,GAGCGAGACUAUUCUUCGCUC,"[[1, 21], [2, 20], [3, 19], [4, 18], [5, 17], [6, 16]]"
prueba784,CGUUGGACUUCCGGCCCAACG,"[[1, 21], [2, 20], [3, 19], [4, 18], [5, 17], [6, 16]]"
prueba785,UCGAUGCAAUACUGCCAUCGA,"[[1, 21], [2, 20], [3, 19], [4, 18], [5, 17], [6, 16]]"
prueba786,UAAAGAACUAGCCGAUCUUUA,"[[1, 21], [2, 20], [3, 19], [4, 18], [5, 17], [6, 16]]"
prueba787,AAGUAUCGACUAAGUAUACUU,"[[1, 21], [2, 20], [3, 19], [4, 18], [5, 17], [6, 16]]"
prueba788,UGUGAUCUUUCGGUAAUCACA,"[[1, 21], [2, 20], [3, 19], [4, 18], [5, 17], [6, 16]]"
prueba789,UUUAGCGUCGCUGGUGCUAAA,"[[1, 21], [2, 20], [3, 19], [4, 18], [5, 17], [6, 16]]"
prueba790,GACAUUCCAGAUUACAAUGUC,"[[1, 21], [2, 20], [3, 19], [4, 18], [5, 17], [6, 16]]"
prueba791,UUACUCGUUUCCUUGGAGUAA,"[[1, 21], [2, 20], [3, 19], [4, 18], [5, 17], [6, 16]]"
prueba792,UGGGGAGCCUGUUAUUCCCCA,"[[1, 21], [2, 20], [3, 19], [4, 18], [5, 17], [6, 16]]"
prueba793,GUCAUAAGAAAAACGUAUGAC,"[[1, 21], [2, 20], [3, 19], [4, 18], [5, 17], [6, 16]]"
prueba794,GUCACCUAAUGUGCCGGUGAC,"[[1, 21], [2, 20], [3, 19], [4, 18], [5, 17], [6, 16]]"
prueba795,AUAGACCGUCGCUCGGUCUAU,"[[1, 21], [2, 20], [3, 19], [4, 18], [5, 17], [6, 16]]"
prueba796,AUCGGUGAUAAUAAUACCGAU,"[[1, 21], [2, 20], [3, 19], [4, 18], [5, 17], [6, 16]]"
prueba797,CGCCCUGCCAUAAGGAGGGCG,"[[1, 21], [2, 20], [3, 19], [4, 18], [5, 17], [6, 16]]"
prueba798,AUUGCCGUGUCUUGUGGCAAU,"[[1, 21], [2, 20], [3, 19], [4, 18], [5, 17], [6, 16]]"
prueba799,GGUGUUGAGGGGCCCAACACC,"[[1, 21], [2, 20], [3, 19], [4, 18], [5, 17], [6, 16]]"
prueba800,GAAUAGGGCCAGCCUCUAUUC,"[[1, 21], [2, 20], [3, 19], [4, 18], [5, 17], [6, 16]]"
prueba801,AAUAGUACUGCCGUCACUAUU,"[[1, 21], [2, 20], [3, 19], [4, 18], [5, 17], [6, 16]]"
prueba802,UAUGCGGAUACGAAACGCAUA,"[[1, 21], [2, 20], [3, 19], [4, 18], [5, 17], [6, 16]]"
prueba803,UUAUUGGAGGCGCGCCAAUAA,"[[1, 21], [2, 20], [3, 19], [4, 18], [5, 17], [6, 16]]"
prueba804,AGGCGGCAGGCCCAACCGCCU,"[[1, 21], [2, 20], [3, 19], [4, 18], [5, 17], [6, 16]]"
prueba805,UUGCAUUUCUGUCAAAUGCAA,"[[1, 21], [2, 20], [3, 19], [4, 18], [5, 17], [6, 16]]"
prueba806,ACGAGAGAGGUGCUCUCUCGU,"[[1, 21], [2, 20], [3, 19], [4, 18], [5, 17], [6, 16]]"
prueba807,GAAUACCUAUAUGGCGUAUUC,"[[1, 21], [2, 20], [3, 19], [4, 18], [5, 17], [6, 16]]"
prueba808,GAUGCUUCCAGCCGAAGCAUC,"[[1, 21], [2, 20], [3, 19], [4, 18], [5, 17], [6, 16]]"
prueba809,UCCAUCUUGAAGGGUGAUGGA,"[[1, 21], [2, 20], [3, 19], [4, 18], [5, 17], [6, 16]]"
prueba810,GUAGGAUGUCAUUCGUCCUAC,"[[1, 21], [2, 20], [3, 19], [4, 18], [5, 17], [6, 16]]"
prueba811,UGGGUGAUUCCUCAUCACCCA,"[[1, 21], [2, 20], [3, 19], [4, 18], [5, 17], [6, 16]]"
prueba812,GGAAGCCCCAGAGUCGCUUCC,"[[1, 21], [2, 20], [3, 19], [4, 18], [5, 17], [6, 16]]"
prueba813,UUAGGCGCUCAACCAGCCUAA,"[[1, 21], [2, 20], [3, 19], [4, 18], [5, 17], [6, 16]]"
prueba814,GCGACAUGCGCACGCUGUCGC,"[[1, 21], [2, 20], [3, 19], [4, 18], [5, 17], [6, 16]]"
prueba815,CUAUCUCACUGCUGCAGAUAG,"[[1, 21], [2, 20], [3, 19], [4, 18], [5, 17], [6, 16]]"
prueba816,CGCGGCAUAACGAUAGCCGCG,"[[1, 21], [2, 20], [3, 19], [4, 18], [5, 17], [6, 16]]"
prueba817,UGACAAGACACCCUAUUGUCA,"[[1, 21], [2, 20], [3, 19], [4, 18], [5, 17], [6, 16]]"
prueba818,UGGGGAUCGACGCUUUCCCCA,"[[1, 21], [2, 20], [3, 19], [4, 18], [5, 17], [6, 16]]"
prueba819,AAGUGACCGUCUUGAUCACUU,"[[1, 21], [2, 20], [3, 19], [4, 18], [5, 17], [6, 16]]"
prueba820,GUUGUGGGCUGUACGCACAAC,"[[1, 21], [2, 20], [3, 19], [4, 18], [5, 17], [6, 16]]"
prueba821,CCUCAGUAGGUUACGCUGAGG,"[[1, 21], [2, 20], [3, 19], [4, 18], [5, 17], [6, 16]]"
prueba822,AAAGCUGAAGACUGCAGCUUU,"[[1, 21], [2, 20], [3, 19], [4, 18], [5, 17], [6, 16]]"
prueba823,CUCGUAGCAUGGGACUACGAG,"[[1, 21], [2, 20], [3, 19], [4, 18], [5, 17], [6, 16]]"
prueba824,GGCUCUACGGCAAUGAGAGCC,"[[1, 21], [2, 20], [3, 19], [4, 18], [5, 17], [6, 16]]"
prueba825,UAGUCCACCUAUACCGGACUA,"[[1, 21], [2, 20], [3, 19], [4, 18], [5, 17], [6, 16]]"
prueba826,AUCACCUUGGCCGACGGUGAU,"[[1, 21], [2, 20], [3, 19], [4, 18], [5, 17], [6, 16]]"
prueba827,GAAUUUUUAGGUAUCAAAUUC,"[[1, 21], [2, 20], [3, 19], [4, 18], [5, 17], [6, 16]]"
prueba828,CCCCAUGGUUAGCGAAUGGGG,"[[1, 21], [2, 20], [3, 19], [4, 18], [5, 17], [6, 16]]"
prueba829,CAAAAACCAGGCAUUUUUUUG,"[[1, 21], [2, 20], [3, 19], [4, 18], [5, 17], [6, 16]]"
prueba830,AUCGGACGUUAUAGGUCCGAU,"[[1, 21], [2, 20], [3, 19], [4, 18], [5, 17], [6, 16]]"
prueba831,ACUAAUUGCCCAACGAUUAGU,"[[1, 21], [2, 20], [3, 19], [4, 18], [5, 17], [6, 16]]"
prueba832,GGCGCUAGAAAUAGCAGCGCC,"[[1, 21], [2, 20], [3, 19], [4, 18], [5, 17], [6, 16]]"
prueba833,UCUCGUUUGUCGGCUACGAGA,"[[1, 21], [2, 20], [3, 19], [4, 18], [5, 17], [6, 16]]"
prueba834,CUCGGAAUCGGGUCCUCCGAG,"[[1, 21], [2, 20], [3, 19], [4, 18], [5, 17], [6, 16]]"
prueba835,AUCUGGUCAGGACAACCAGAU,"[[1, 21], [2, 20], [3, 19], [4, 18], [5, 17], [6, 16]]"
prueba836,GUGAACUGUUCAAUGGUUCAC,"[[1, 21], [2, 20], [3, 19], [4, 18], [5, 17], [6, 16]]"
prueba837,CCCUUUAUAUCGUCGAAAGGG,"[[1, 21], [2, 20], [3, 19], [4, 18], [5, 17], [6, 16]]"
prueba838,GUGUAUCGGGAAAAAAUACAC,"[[1, 21], [2, 20], [3, 19], [4, 18], [5, 17], [6, 16]]"
prueba839,CCGACGACUACGAAACGUCGG,"[[1, 21], [2, 20], [3, 19], [4, 18], [5, 17], [6, 16]]"
prueba840,UUGCGCUCCGGAAAUGCGCAA,"[[1, 21], [2, 20], [3, 19], [4, 18], [5, 17], [6, 16]]"
prueba841,UCUAUCACGCACAAGGAUAGA,"[[1, 21], [2, 20], [3, 19], [4, 18], [5, 17], [6, 16]]"
prueba842,GAUCAGCGGUCGGAUCUGAUC,"[[1, 21], [2, 20], [3, 19], [4, 18], [5, 17], [6, 16]]"
prueba843,GUAGUCGGUAUCGUGGACUAC,"[[1, 21], [2, 20], [3, 19], [4, 18], [5, 17], [6, 16]]"
prueba844,UUAAGUUUCCGGAGCACUUAA,"[[1, 21], [2, 20], [3, 19], [4, 18], [5, 17], [6, 16]]"
prueba845,UAGCCCUCCCGCGACGGGCUA,"[[1, 21], [2, 20], [3, 19], [4, 18], [5, 17], [6, 16]]"
prueba846,ACGUACAACUUUGUCGUACGU,"[[1, 21], [2, 20], [3, 19], [4, 18], [5, 17], [6, 16]]"
prueba847,GGACCAAGUGGUAGCUGGUCC,"[[1, 21], [2, 20], [3, 19], [4, 18], [5, 17], [6, 16]]"
prueba848,UAACCAGGUUUAACAUGGUUA,"[[1, 21], [2, 20], [3, 19], [4, 18], [5, 17], [6, 16]]"
prueba849,AAGGGAUUUCCGUAAUCCCUU,"[[1, 21], [2, 20], [3, 19], [4, 18], [5, 17], [6, 16]]"
prueba850,GGUAAUGUAACGGCUAUUACC,"[[1, 21], [2, 20], [3, 19], [4, 18], [5, 17], [6, 16]]"
prueba851,AUAACUAAACCGACAAGUUAU,"[[1, 21], [2, 20], [3, 19], [4, 18], [5, 17], [6, 16]]"
prueba852,UCGAGGUUUGAGGGACCUCGA,"[[1, 21], [2, 20], [3, 19], [4, 18], [5, 17], [6, 16]]"
prueba853,GGUUUCCCCGUAUACGAAACC,"[[1, 21], [2, 20], [3, 19], [4, 18], [5, 17], [6, 16]]"
prueba854,UACAGCGGCCCUAGUGCUGUA,"[[1, 21], [2, 20], [3, 19], [4, 18], [5, 17], [6, 16]]"
prueba855,GCUCUAAGGGAUCGGUAGAGC,"[[1, 21], [2, 20], [3, 19], [4, 18], [5, 17], [6, 16]]"
prueba856,UUCUACGCUCGAAGCGUAGAA,"[[1, 21], [2, 20], [3, 19], [4, 18], [5, 17], [6, 16]]"
prueba857,GAGCCAUUGGCGUCGUGGCUC,"[[1, 21], [2, 20], [3, 19], [4, 18], [5, 17], [6, 16]]"
prueba858,ACGAAAGCAUUCCAGUUUCGU,"[[1, 21], [2, 20], [3, 19], [4, 18], [5, 17], [6, 16]]"
prueba859,CGCAAGAGAGUGCAGCUUGCG,"[[1, 21], [2, 20], [3, 19], [4, 18], [5, 17], [6, 16]]"
prueba860,CCGACUUUUUAGUAUAGUCGG,"[[1, 21], [2, 20], [3, 19], [4, 18], [5, 17], [6, 16]]"
prueba861,CUUCGGUUUCCGGGGCCGAAG,"[[1, 21], [2, 20], [3, 19], [4, 18], [5, 17], [6, 16]]"
prueba862,AUCCGAUAAUGUGUCUCGGAU,"[[1, 21], [2, 20], [3, 19], [4, 18], [5, 17], [6, 16]]"
prueba863,CGCAGAGAACCCGUUUCUGCG,"[[1, 21], [2, 20], [3, 19], [4, 18], [5, 17], [6, 16]]"
prueba864,UCCCCUGACCCCAGGAGGGGA,"[[1, 21], [2, 20], [3, 19], [4, 18], [5, 17], [6, 16]]"
prueba865,GGUCAUAGGGAGGGAAUGACC,"[[1, 21], [2, 20], [3, 19], [4, 18], [5, 17], [6, 16]]"
prueba866,CCCCGCUCACCCACAGCGGGG,"[[1, 21], [2, 20], [3, 19], [4, 18], [5, 17], [6, 16]]"
prueba867,CACCUGGACCGUAACCAGGUG,"[[1, 21], [2, 20], [3, 19], [4, 18], [5, 17], [6, 16]]"
prueba868,AUAGAGAUCGUGUGUCUCUAU,"[[1, 21], [2, 20], [3, 19], [4, 18], [5, 17], [6, 16]]"
prueba869,AAUUUAAUAUACUAUUAAAUU,"[[1, 21], [2, 20], [3, 19], [4, 18], [5, 17], [6, 16]]"
prueba870,AGUUUCGCAUUCAGUGAAACU,"[[1, 21], [2, 20], [3, 19], [4, 18], [5, 17], [6, 16]]"
prueba871,GCCAACCCGCACACUGUUGGC,"[[1, 21], [2, 20], [3, 19], [4, 18], [5, 17], [6, 16]]"
prueba872,UUUUUCAUGAAAUUCGAAAAA,"[[1, 21], [2, 20], [3, 19], [4, 18], [5, 17], [6, 16]]"
prueba873,GCCGGGGCACGAGGGCCCGGC,"[[1, 21], [2, 20], [3, 19], [4, 18], [5, 17], [6, 16]]"
prueba874,GUGGAUGCUCACCCUAUCCAC,"[[1, 21], [2, 20], [3, 19], [4, 18], [5, 17], [6, 16]]"
prueba875,AACUAUGUCCUCCCCAUAGUU,"[[1, 21], [2, 20], [3, 19], [4, 18], [5, 17], [6, 16]]"
prueba876,AGUUUCGAUGUAACGGAAACU,"[[1, 21], [2, 20], [3, 19], [4, 18], [5, 17], [6, 16]]"
prueba877,GACUGUGAUAUCGUCACAGUC,"[[1, 21], [2, 20], [3, 19], [4, 18], [5, 17], [6, 16]]"
prueba878,GUAAGGUGCCUCUGACCUUAC,"[[1, 21], [2, 20], [3, 19], [4, 18], [5, 17], [6, 16]]"
prueba879,UGUGCAUCUAAAUACUGCACA,"[[1, 21], [2, 20], [3, 19], [4, 18], [5, 17], [6, 16]]"
prueba880,AAGACUUCCAGAGCUAGUCUU,"[[1, 21], [2, 20], [3, 19], [4, 18], [5, 17], [6, 16]]"
prueba881,AGCGAGCGGCGAAAGCUCGCU,"[[1, 21], [2, 20], [3, 19], [4, 18], [5, 17], [6, 16]]"
prueba882,UCUAAGCGUACUGGACUUAGA,"[[1, 21], [2, 20], [3, 19], [4, 18], [5, 17], [6, 16]]"
prueba883,AACUACAAAUAAGGCGUAGUU,"[[1, 21], [2, 20], [3, 19], [4, 18], [5, 17], [6, 16]]"
prueba884,CGCGACACACUAGACGUCGCG,"[[1, 21], [2, 20], [3, 19], [4, 18], [5, 17], [6, 16]]"
prueba885,UUAUGCAGUCUGAGAGCAUAA,"[[1, 21], [2, 20], [3, 19], [4, 18], [5, 17], [6, 16]]"
prueba886,AUGAGACCGACAACUUCUCAU,"[[1, 21], [2, 20], [3, 19], [4, 18], [5, 17], [6, 16]]"
prueba887,GGACUAGCGACUUUAUAGUCC,"[[1, 21], [2, 20], [3, 19], [4, 18], [5, 17], [6, 16]]"
prueba888,UGUUGGAGAGCGCCGCCAACA,"[[1, 21], [2, 20], [3, 19], [4, 18], [5, 17], [6, 16]]"
prueba889,AUGUCGGGAGAACUGCGACAU,"[[1, 21], [2, 20], [3, 19], [4, 18], [5, 17], [6, 16]]"
prueba890,AGUAGUGGGCAGUAUACUACU,"[[1, 21], [2, 20], [3, 19], [4, 18], [5, 17], [6, 16]]"
prueba891,UGAUGGCCAAUCGUACCAUCA,"[[1, 21], [2, 20], [3, 19], [4, 18], [5, 17], [6, 16]]"
prueba892,ACUGCGGAUUGGUCGCGCAGU,"[[1, 21], [2, 20], [3, 19], [4, 18], [5, 17], [6, 16]]"
prueba893,GAUUAGAUACCGGCGCUAAUC,"[[1, 21], [2, 20], [3, 19], [4, 18], [5, 17], [6, 16]]"
prueba894,GGUAAAGUAUGGCCGUUUACC,"[[1, 21], [2, 20], [3, 19], [4, 18], [5, 17], [6, 16]]"
prueba895,ACCUCAUCAAGGGAGUGAGGU,"[[1, 21], [2, 20], [3, 19], [4, 18], [5, 17], [6, 16]]"
prueba896,GAAAUAGGUAACGCCUAUUUC,"[[1, 21], [2, 20], [3, 19], [4, 18], [5, 17], [6, 16]]"
prueba897,AGAAGGUCUAUUCACCCUUCU,"[[1, 21], [2, 20], [3, 19], [4, 18], [5, 17], [6, 16]]"
prueba898,AGAGUAUGAAAGUAGUACUCU,"[[1, 21], [2, 20], [3, 19], [4, 18], [5, 17], [6, 16]]"
prueba899,CGCAAGGUUGUCAUCCUUGCG,"[[1, 21], [2, 20], [3, 19], [4, 18], [5, 17], [6, 16]]"
prueba900,AUCGCAAGGCAGGAAUGCGAU,"[[1, 21], [2, 20], [3, 19], [4, 18], [5, 17], [6, 16]]"
prueba901,UUAUGUUCGGAUCCCACAUAA,"[[1, 21], [2, 20], [3, 19], [4, 18], [5, 17], [6, 16]]"
prueba902,CAGCUUUCGAACCUGAAGCUG,"[[1, 21], [2, 20], [3, 19], [4, 18], [5, 17], [6, 16]]"
prueba903,CUGCCCUGCCUGAAUGGGCAG,"[[1, 21], [2, 20], [3, 19], [4, 18], [5, 17], [6, 16]]"
prueba904,CCGAUGGUUUUGGCUCAUCGG,"[[1, 21], [2, 20], [3, 19], [4, 18], [5, 17], [6, 16]]"
prueba905,GUCACUUUUGACUCCAGUGAC,"[[1, 21], [2, 20], [3, 19], [4, 18], [5, 17], [6, 16]]"
prueba906,GAUGGGACAGCCUAACCCAUC,"[[1, 21], [2, 20], [3, 19], [4, 18], [5, 17], [6, 16]]"
prueba907,CCCCCGUAAGAGACCCGGGGG,"[[1, 21], [2, 20], [3, 19], [4, 18], [5, 17], [6, 16]]"
prueba908,UUGAGCCGAUUUUGGGCUCAA,"[[1, 21], [2, 20], [3, 19], [4, 18], [5, 17], [6, 16]]"
prueba909,ACCGCCCAAAAGAAGGGCGGU,"[[1, 21], [2, 20], [3, 19], [4, 18], [5, 17], [6, 16]]"
prueba910,CAAAUGAUAUAUUAUCAUUUG,"[[1, 21], [2, 20], [3, 19], [4, 18], [5, 17], [6, 16]]"
prueba911,CCCGUCCCCGAGUCGGACGGG,"[[1, 21], [2, 20], [3, 19], [4, 18], [5, 17], [6, 16]]"
prueba912,ACUGUGCGCCUCGCGCACAGU,"[[1, 21], [2, 20], [3, 19], [4, 18], [5, 17], [6, 16]]"
prueba913,CCCGUAUCUACCUCGUACGGG,"[[1, 21], [2, 20], [3, 19], [4, 18], [5, 17], [6, 16]]"
prueba914,AGCGCCGAAGACGAGGGCGCU,"[[1, 21], [2, 20], [3, 19], [4, 18], [5, 17], [6, 16]]"
prueba915,GGGCUAUGUAGGGGCUAGCCC,"[[1, 21], [2, 20], [3, 19], [4, 18], [5, 17], [6, 16]]"
prueba916,CAAUCGUAUGCCCGCCGAUUG,"[[1, 21], [2, 20], [3, 19], [4, 18], [5, 17], [6, 16]]"
prueba917,UUCAUUUGGCUAUUGAAUGAA,"[[1, 21], [2, 20], [3, 19], [4, 18], [5, 17], [6, 16]]"
prueba918,GCUGCCUGUACUUCGGGCAGC,"[[1, 21], [2, 20], [3, 19], [4, 18], [5, 17], [6, 16]]"
prueba919,ACUAAACGCUAACCAUUUAGU,"[[1, 21], [2, 20], [3, 19], [4, 18], [5, 17], [6, 16]]"
prueba920,AUGCUUUGAUGCGAAAAGCAU,"[[1, 21], [2, 20], [3, 19], [4, 18], [5, 17], [6, 16]]"
prueba921,UACGAAGCCAAAGGAUUCGUA,"[[1, 21], [2, 20], [3, 19], [4, 18], [5, 17], [6, 16]]"
prueba922,CCUCUUGAAAUGCCUAAGAGG,"[[1, 21], [2, 20], [3, 19], [4, 18], [5, 17], [6, 16]]"
prueba923,CCCCGAUUAACUCCGUCGGGG,"[[1, 21], [2, 20], [3, 19], [4, 18], [5, 17], [6, 16]]"
prueba924,CGCGCUAGAAAGGCGAGCGCG,"[[1, 21], [2, 20], [3, 19], [4, 18], [5, 17], [6, 16]]"
prueba925,UGGUUGAGGCUUCACCAACCA,"[[1, 21], [2, 20], [3, 19], [4, 18], [5, 17], [6, 16]]"
prueba926,UGACAGCGGCAUGGUCUGUCA,"[[1, 21], [2, 20], [3, 19], [4, 18], [5, 17], [6, 16]]"
prueba927,AUCUGAUAGUAUUAGUCAGAU,"[[1, 21], [2, 20], [3, 19], [4, 18], [5, 17], [6, 16]]"
prueba928,CGUACCGCCUGGCACGGUACG,"[[1, 21], [2, 20], [3, 19], [4, 18], [5, 17], [6, 16]]"
prueba929,AAGCGGAGGACAAGUCCGCUU,"[[1, 21], [2, 20], [3, 19], [4, 18], [5, 17], [6, 16]]"
prueba930,AGUAGGGCUCGGUAGCCUACU,"[[1, 21], [2, 20], [3, 19], [4, 18], [5, 17], [6, 16]]"
prueba931,CUUACACAUCACUAGUGUAAG,"[[1, 21], [2, 20], [3, 19], [4, 18], [5, 17], [6, 16]]"
prueba932,UAGGAAGAAGGUUCAUUCCUA,"[[1, 21], [2, 20], [3, 19], [4, 18], [5, 17], [6, 16]]"
prueba933,CAGAGCGCGACAUAGGCUCUG,"[[1, 21], [2, 20], [3, 19], [4, 18], [5, 17], [6, 16]]"
prueba934,GACCCGUGUAGUGUACGGGUC,"[[1, 21], [2, 20], [3, 19], [4, 18], [5, 17], [6, 16]]"
prueba935,CGCUAAUUAGUGACCUUAGCG,"[[1, 21], [2, 20], [3, 19], [4, 18], [5, 17], [6, 16]]"
prueba936,GCGCCAGUUCAUCUCUGGCGC,"[[1, 21], [2, 20], [3, 19], [4, 18], [5, 17], [6, 16]]"
prueba937,CCCAGGUGGGUCCUACCUGGG,"[[1, 21], [2, 20], [3, 19], [4, 18], [5, 17], [6, 16]]"
prueba938,AUUGAGAGAACUCCUCUCAAU,"[[1, 21], [2, 20], [3, 19], [4, 18], [5, 17], [6, 16]]"
prueba939,AUUCAGUUUAAGUCUCUGAAU,"[[1, 21], [2, 20], [3, 19], [4, 18], [5, 17], [6, 16]]"
prueba940,UACACACGGUCCUAAUGUGUA,"[[1, 21], [2, 20], [3, 19], [4, 18], [5, 17], [6, 16]]"
prueba941,CUGCUUUGAGCGAAUAAGCAG,"[[1, 21], [2, 20], [3, 19], [4, 18], [5, 17], [6, 16]]"
prueba942,CAAAUACGAAUGCGAUAUUUG,"[[1, 21], [2, 20], [3, 19], [4, 18], [5, 17], [6, 16]]"
prueba943,UAAGCAAAUUAGUGUUGCUUA,"[[1, 21], [2, 20], [3, 19], [4, 18], [5, 17], [6, 16]]"
prueba944,GCAAGUGCUAUAGAGACUUGC,"[[1, 21], [2, 20], [3, 19], [4, 18], [5, 17], [6, 16]]"
prueba945,ACGAAGCAACCCCCUCUUCGU,"[[1, 21], [2, 20], [3, 19], [4, 18], [5, 17], [6, 16]]"
prueba946,AUAGCUGACCCUACCAGCUAU,"[[1, 21], [2, 20], [3, 19], [4, 18], [5, 17], [6, 16]]"
prueba947,CUUACGGCAGCUUAUCGUAAG,"[[1, 21], [2, 20], [3, 19], [4, 18], [5, 17], [6, 16]]"
prueba948,ACGUAGCCUUGAUGUCUACGU,"[[1, 21], [2, 20], [3, 19], [4, 18], [5, 17], [6, 16]]"
prueba949,UAAAUUGAGGCAGCAAAUUUA,"[[1, 21], [2, 20], [3, 19], [4, 18], [5, 17], [6, 16]]"
prueba950,AUAACUAAGAAGGUGAGUUAU,"[[1, 21], [2, 20], [3, 19], [4, 18], [5, 17], [6, 16]]"
prueba951,AGUAUAGAAUCAGCCUAUACU,"[[1, 21], [2, 20], [3, 19], [4, 18], [5, 17], [6, 16]]"
prueba952,GCUCACGAGCAAGUCGUGAGC,"[[1, 21], [2, 20], [3, 19], [4, 18], [5, 17], [6, 16]]"
prueba953,GACGAGGCAGGUCGGCUCGUC,"[[1, 21], [2, 20], [3, 19], [4, 18], [5, 17], [6, 16]]"
prueba954,GAGCGACGAGACCUAUCGCUC,"[[1, 21], [2, 20], [3, 19], [4, 18], [5, 17], [6, 16]]"
prueba955,CCACCCUCUACGGGGGGGUGG,"[[1, 21], [2, 20], [3, 19], [4, 18], [5, 17], [6, 16]]"
prueba956,GACGUGGUUUGGUCACACGUC,"[[1, 21], [2, 20], [3, 19], [4, 18], [5, 17], [6, 16]]"
prueba957,AGGGCCCCGAACGAGGGCCCU,"[[1, 21], [2, 20], [3, 19], [4, 18], [5, 17], [6, 16]]"
prueba958,UUAUCCCAGUGUAUGGGAUAA,"[[1, 21], [2, 20], [3, 19], [4, 18], [5, 17], [6, 16]]"
prueba959,GACCGUCCACACUAGACGGUC,"[[1, 21], [2, 20], [3, 19], [4, 18], [5, 17], [6, 16]]"
prueba960,AGUAUUGCGCGGAUCAAUACU,"[[1, 21], [2, 20], [3, 19], [4, 18], [5, 17], [6, 16]]"
prueba961,GCUGUCCGAACUAAAGACAGC,"[[1, 21], [2, 20], [3, 19], [4, 18], [5, 17], [6, 16]]"
prueba962,UGACAAGACGGCUGCUUGUCA,"[[1, 21], [2, 20], [3, 19], [4, 18], [5, 17], [6, 16]]"
prueba963,ACUCGCCUAAAAACGGCGAGU,"[[1, 21], [2, 20], [3, 19], [4, 18], [5, 17], [6, 16]]"
prueba964,CUAGAGCAAGAGGGGCUCUAG,"[[1, 21], [2, 20], [3, 19], [4, 18], [5, 17], [6, 16]]"
prueba965,GUUCUAUUUUUUACCUAGAAC,"[[1, 21], [2, 20], [3, 19], [4, 18], [5, 17], [6, 16]]"
prueba966,UAGCUGUAGGCAGUGCAGCUA,"[[1, 21], [2, 20], [3, 19], [4, 18], [5, 17], [6, 16]]"
prueba967,CCCGCAUUGGGCAGAUGCGGG,"[[1, 21], [2, 20], [3, 19], [4, 18], [5, 17], [6, 16]]"
prueba968,CCUAUGCUAGGUGGCCAUAGG,"[[1, 21], [2, 20], [3, 19], [4, 18], [5, 17], [6, 16]]"
prueba969,CGGCAUUAUAACCUGAUGCCG,"[[1, 21], [2, 20], [3, 19], [4, 18], [5, 17], [6, 16]]"
prueba970,GGCCAGUUAAAAUAACUGGCC,"[[1, 21], [2, 20], [3, 19], [4, 18], [5, 17], [6, 16]]"
prueba971,GUCGCUGAAAAGCGCAGCGAC,"[[1, 21], [2, 20], [3, 19], [4, 18], [5, 17], [6, 16]]"
prueba972,UUCGGGACUAAAAUGCCCGAA,"[[1, 21], [2, 20], [3, 19], [4, 18], [5, 17], [6, 16]]"
prueba973,UUCCAUUCGGUGACCAUGGAA,"[[1, 21], [2, 20], [3, 19], [4, 18], [5, 17], [6, 16]]"
prueba974,AGAGCCCCUCACCCGGGCUCU,"[[1, 21], [2, 20], [3, 19], [4, 18], [5, 17], [6, 16]]"
prueba975,UGGGCAACGUUAGAGUGCCCA,"[[1, 21], [2, 20], [3, 19], [4, 18], [5, 17], [6, 16]]"
prueba976,AUGUCAUUCACCAGGUGACAU,"[[1, 21], [2, 20], [3, 19], [4, 18], [5, 17], [6, 16]]"
prueba977,GGUAUACAAAUAACAUAUACC,"[[1, 21], [2, 20], [3, 19], [4, 18], [5, 17], [6, 16]]"
prueba978,GGACACUAGUGCGUUGUGUCC,"[[1, 21], [2, 20], [3, 19], [4, 18], [5, 17], [6, 16]]"
prueba979,UGUUUGAUAUAGGUUCAAACA,"[[1, 21], [2, 20], [3, 19], [4, 18], [5, 17], [6, 16]]"
prueba980,UUUCACCUAGGCCUAGUGAAA,"[[1, 21], [2, 20], [3, 19], [4, 18], [5, 17], [6, 16]]"
prueba981,CUCGUCAUUGUCUUCGACGAG,"[[1, 21], [2, 20], [3, 19], [4, 18], [5, 17], [6, 16]]"
prueba982,CACUAUAAGACUCCAAUAGUG,"[[1, 21], [2, 20], [3, 19], [4, 18], [5, 17], [6, 16]]"
prueba983,GGUUUCGUGGUCUAAGAAACC,"[[1, 21], [2, 20], [3, 19], [4, 18], [5, 17], [6, 16]]"
prueba984,CAGGUCAGUACGUGAGACCUG,"[[1, 21], [2, 20], [3, 19], [4, 18], [5, 17], [6, 16]]"
prueba985,GUAUAUGUAGCCAGGAUAUAC,"[[1, 21], [2, 20], [3, 19], [4, 18], [5, 17], [6, 16]]"
prueba986,GCUUUGUCCCCCGUUCAAAGC,"[[1, 21], [2, 20], [3, 19], [4, 18], [5, 17], [6, 16]]"
prueba987,AGAAUAAUUUCAAACUAUUCU,"[[1, 21], [2, 20], [3, 19], [4, 18], [5, 17], [6, 16]]"
prueba988,AGUAACUGUAGUGUAGUUACU,"[[1, 21], [2, 20], [3, 19], [4, 18], [5, 17], [6, 16]]"
prueba989,AUGGCGCUGUCCCAACGCCAU,"[[1, 21], [2, 20], [3, 19], [4, 18], [5, 17], [6, 16]]"
prueba990,CAGGAGCACCCGUUUCUCCUG,"[[1, 21], [2, 20], [3, 19], [4, 18], [5, 17], [6, 16]]"
prueba991,CACUUUCAGCUCUGGAAAGUG,"[[1, 21], [2, 20], [3, 19], [4, 18], [5, 17], [6, 16]]"
prueba992,CCGGUUACACGCCAGAACCGG,"[[1, 21], [2, 20], [3, 19], [4, 18], [5, 17], [6, 16]]"
prueba993,GGGAAAACUAUGCGUUUUCCC,"[[1, 21], [2, 20], [3, 19], [4, 18], [5, 17], [6, 16]]"
prueba994,AACAUCGCUGUUGCGGAUGUU,"[[1, 21], [2, 20], [3, 19], [4, 18], [5, 17], [6, 16]]"
prueba995,AUAGCAAACCAUUCGUGCUAU,"[[1, 21], [2, 20], [3, 19], [4, 18], [5, 17], [6, 16]]"
prueba996,GUUACAACUUCCGGAUGUAAC,"[[1, 21], [2, 20], [3, 19], [4, 18], [5, 17], [6, 16]]"
prueba997,GUCGGUACACACGUUACCGAC,"[[1, 21], [2, 20], [3, 19], [4, 18], [5, 17], [6, 16]]"
prueba998,AGUGCACUGAAGCUGUGCACU,"[[1, 21], [2, 20], [3, 19], [4, 18], [5, 17], [6, 16]]"
prueba999,GAUGUUCUCGCACGGAACAUC,"[[1, 21], [2, 20], [3, 19], [4, 18], [5, 17], [6, 16]]"
