-3.183830499649047852e+00,-3.650541305541992188e+00,-4.274163246154785156e+00,-4.285321235656738281e+00,-4.576595306396484375e+00,-4.804813385009765625e+00,-5.256562232971191406e+00,-5.280114173889160156e+00,-5.435399532318115234e+00,-5.417210578918457031e+00,-5.663112640380859375e+00,-5.652964591979980469e+00,-5.970617771148681641e+00,-5.667098045349121094e+00,-5.431200504302978516e+00,-4.587955474853515625e+00,-4.514314174652099609e+00,-4.108653068542480469e+00,-3.831583976745605469e+00,-2.878463029861450195e+00,3.642263889312744141e+00
-3.650541305541992188e+00,-4.243141174316406250e+00,-4.790327072143554688e+00,-4.718544960021972656e+00,-5.079101562500000000e+00,-5.083198547363281250e+00,-5.727226257324218750e+00,-5.716337203979492188e+00,-5.757948875427246094e+00,-5.845629692077636719e+00,-6.143886566162109375e+00,-6.189150810241699219e+00,-6.586934566497802734e+00,-6.270641326904296875e+00,-6.219008445739746094e+00,-5.251950740814208984e+00,-4.682047843933105469e+00,-4.295968055725097656e+00,-3.523458003997802734e+00,3.908304214477539062e+00,-2.976247787475585938e+00
-4.274163246154785156e+00,-4.790327072143554688e+00,-5.325456619262695312e+00,-5.360021591186523438e+00,-5.393096923828125000e+00,-5.324920654296875000e+00,-6.139096736907958984e+00,-6.246215820312500000e+00,-6.176738739013671875e+00,-6.322422981262207031e+00,-6.537539482116699219e+00,-6.811838626861572266e+00,-6.877532958984375000e+00,-6.884422302246093750e+00,-6.741161346435546875e+00,-5.246201515197753906e+00,-4.766845703125000000e+00,-3.745161294937133789e+00,4.320741653442382812e+00,-3.816519498825073242e+00,-3.964565515518188477e+00
-4.285321235656738281e+00,-4.718544960021972656e+00,-5.360021591186523438e+00,-5.106035232543945312e+00,-5.065226078033447266e+00,-4.901318550109863281e+00,-5.965859413146972656e+00,-5.789326667785644531e+00,-5.899081707000732422e+00,-5.835028648376464844e+00,-6.288775444030761719e+00,-6.241252899169921875e+00,-6.703673362731933594e+00,-6.738060951232910156e+00,-6.617073059082031250e+00,-4.495528221130371094e+00,-3.796946763992309570e+00,4.205123901367187500e+00,-3.891044378280639648e+00,-4.558812141418457031e+00,-4.167096614837646484e+00
-4.576595306396484375e+00,-5.079101562500000000e+00,-5.393096923828125000e+00,-5.065226078033447266e+00,-4.903141021728515625e+00,-4.657402992248535156e+00,-5.732220172882080078e+00,-5.743040084838867188e+00,-5.819804191589355469e+00,-6.017709732055664062e+00,-5.909856796264648438e+00,-6.241806030273437500e+00,-6.749890327453613281e+00,-6.411283016204833984e+00,-6.052633285522460938e+00,-3.669239044189453125e+00,4.254526138305664062e+00,-3.977140665054321289e+00,-4.930768013000488281e+00,-5.049786090850830078e+00,-4.387986660003662109e+00
-4.804813385009765625e+00,-5.083198547363281250e+00,-5.324920654296875000e+00,-4.901318550109863281e+00,-4.657402992248535156e+00,-4.338790416717529297e+00,-5.607901573181152344e+00,-5.271965026855468750e+00,-5.780530929565429688e+00,-5.312103748321533203e+00,-5.710792541503906250e+00,-5.859761238098144531e+00,-5.907282829284667969e+00,-5.356531143188476562e+00,-4.692151069641113281e+00,4.271569252014160156e+00,-3.856323242187500000e+00,-4.853184700012207031e+00,-5.126515388488769531e+00,-5.219421386718750000e+00,-4.402767181396484375e+00
-5.256562232971191406e+00,-5.727226257324218750e+00,-6.139096736907958984e+00,-5.965859413146972656e+00,-5.732220172882080078e+00,-5.607901573181152344e+00,-7.259270668029785156e+00,-7.495374679565429688e+00,-7.587149620056152344e+00,-7.663239955902099609e+00,-8.172803878784179688e+00,-8.035169601440429688e+00,-8.465721130371093750e+00,-8.308164596557617188e+00,-6.193000793457031250e+00,-5.063555717468261719e+00,-6.567202568054199219e+00,-7.036532402038574219e+00,-7.141274452209472656e+00,-6.451359748840332031e+00,-5.509870052337646484e+00
-5.280114173889160156e+00,-5.716337203979492188e+00,-6.246215820312500000e+00,-5.789326667785644531e+00,-5.743040084838867188e+00,-5.271965026855468750e+00,-7.495374679565429688e+00,-7.360416412353515625e+00,-7.800163269042968750e+00,-7.811688423156738281e+00,-7.880846977233886719e+00,-7.948280334472656250e+00,-8.523496627807617188e+00,-7.138147830963134766e+00,-8.104114532470703125e+00,-5.800117492675781250e+00,-6.640292167663574219e+00,-7.011061668395996094e+00,-6.977370738983154297e+00,-6.709733963012695312e+00,-5.618117809295654297e+00
-5.435399532318115234e+00,-5.757948875427246094e+00,-6.176738739013671875e+00,-5.899081707000732422e+00,-5.819804191589355469e+00,-5.780530929565429688e+00,-7.587149620056152344e+00,-7.800163269042968750e+00,-8.271521568298339844e+00,-7.914033889770507812e+00,-8.060408592224121094e+00,-8.044669151306152344e+00,-7.768347263336181641e+00,-8.511280059814453125e+00,-8.436320304870605469e+00,-6.116929531097412109e+00,-6.979257583618164062e+00,-6.850060462951660156e+00,-6.921841621398925781e+00,-6.924659252166748047e+00,-5.799257278442382812e+00
-5.417210578918457031e+00,-5.845629692077636719e+00,-6.322422981262207031e+00,-5.835028648376464844e+00,-6.017709732055664062e+00,-5.312103748321533203e+00,-7.663239955902099609e+00,-7.811688423156738281e+00,-7.914033889770507812e+00,-7.515345096588134766e+00,-7.579785346984863281e+00,-7.271173000335693359e+00,-8.023127555847167969e+00,-8.057525634765625000e+00,-7.819522857666015625e+00,-5.774314880371093750e+00,-6.455144882202148438e+00,-6.478327751159667969e+00,-6.926323890686035156e+00,-6.711130142211914062e+00,-5.650971889495849609e+00
-5.663112640380859375e+00,-6.143886566162109375e+00,-6.537539482116699219e+00,-6.288775444030761719e+00,-5.909856796264648438e+00,-5.710792541503906250e+00,-8.172803878784179688e+00,-7.880846977233886719e+00,-8.060408592224121094e+00,-7.579785346984863281e+00,-7.415285587310791016e+00,-7.505137443542480469e+00,-8.011688232421875000e+00,-7.725239753723144531e+00,-7.827524185180664062e+00,-5.747214794158935547e+00,-6.289355754852294922e+00,-6.476572990417480469e+00,-6.695481300354003906e+00,-6.218038082122802734e+00,-5.694163799285888672e+00
-5.652964591979980469e+00,-6.189150810241699219e+00,-6.811838626861572266e+00,-6.241252899169921875e+00,-6.241806030273437500e+00,-5.859761238098144531e+00,-8.035169601440429688e+00,-7.948280334472656250e+00,-8.044669151306152344e+00,-7.271173000335693359e+00,-7.505137443542480469e+00,-7.234342098236083984e+00,-7.553015232086181641e+00,-7.451110839843750000e+00,-7.331419944763183594e+00,-5.334082126617431641e+00,-6.165830612182617188e+00,-6.159845352172851562e+00,-6.146850109100341797e+00,-5.988831520080566406e+00,-5.297805786132812500e+00
-5.970617771148681641e+00,-6.586934566497802734e+00,-6.877532958984375000e+00,-6.703673362731933594e+00,-6.749890327453613281e+00,-5.907282829284667969e+00,-8.465721130371093750e+00,-8.523496627807617188e+00,-7.768347263336181641e+00,-8.023127555847167969e+00,-8.011688232421875000e+00,-7.553015232086181641e+00,-7.872096538543701172e+00,-7.605945587158203125e+00,-7.201779365539550781e+00,-5.695280075073242188e+00,-6.169903278350830078e+00,-6.090568065643310547e+00,-6.248729705810546875e+00,-5.882753849029541016e+00,-5.311547279357910156e+00
-5.667098045349121094e+00,-6.270641326904296875e+00,-6.884422302246093750e+00,-6.738060951232910156e+00,-6.411283016204833984e+00,-5.356531143188476562e+00,-8.308164596557617188e+00,-7.138147830963134766e+00,-8.511280059814453125e+00,-8.057525634765625000e+00,-7.725239753723144531e+00,-7.451110839843750000e+00,-7.605945587158203125e+00,-6.984593391418457031e+00,-7.195667266845703125e+00,-5.481128692626953125e+00,-5.752659797668457031e+00,-5.940200805664062500e+00,-5.994041442871093750e+00,-5.692191123962402344e+00,-4.975826740264892578e+00
-5.431200504302978516e+00,-6.219008445739746094e+00,-6.741161346435546875e+00,-6.617073059082031250e+00,-6.052633285522460938e+00,-4.692151069641113281e+00,-6.193000793457031250e+00,-8.104114532470703125e+00,-8.436320304870605469e+00,-7.819522857666015625e+00,-7.827524185180664062e+00,-7.331419944763183594e+00,-7.201779365539550781e+00,-7.195667266845703125e+00,-6.768892288208007812e+00,-5.361830711364746094e+00,-5.683347702026367188e+00,-5.675882339477539062e+00,-5.781624317169189453e+00,-5.476923942565917969e+00,-4.868792533874511719e+00
-4.587955474853515625e+00,-5.251950740814208984e+00,-5.246201515197753906e+00,-4.495528221130371094e+00,-3.669239044189453125e+00,4.271569252014160156e+00,-5.063555717468261719e+00,-5.800117492675781250e+00,-6.116929531097412109e+00,-5.774314880371093750e+00,-5.747214794158935547e+00,-5.334082126617431641e+00,-5.695280075073242188e+00,-5.481128692626953125e+00,-5.361830711364746094e+00,-4.396580696105957031e+00,-4.884669303894042969e+00,-4.801710128784179688e+00,-5.020324707031250000e+00,-5.064293861389160156e+00,-4.607026100158691406e+00
-4.514314174652099609e+00,-4.682047843933105469e+00,-4.766845703125000000e+00,-3.796946763992309570e+00,4.254526138305664062e+00,-3.856323242187500000e+00,-6.567202568054199219e+00,-6.640292167663574219e+00,-6.979257583618164062e+00,-6.455144882202148438e+00,-6.289355754852294922e+00,-6.165830612182617188e+00,-6.169903278350830078e+00,-5.752659797668457031e+00,-5.683347702026367188e+00,-4.884669303894042969e+00,-5.083974838256835938e+00,-5.137340545654296875e+00,-5.203558444976806641e+00,-5.261536598205566406e+00,-4.431466102600097656e+00
-4.108653068542480469e+00,-4.295968055725097656e+00,-3.745161294937133789e+00,4.205123901367187500e+00,-3.977140665054321289e+00,-4.853184700012207031e+00,-7.036532402038574219e+00,-7.011061668395996094e+00,-6.850060462951660156e+00,-6.478327751159667969e+00,-6.476572990417480469e+00,-6.159845352172851562e+00,-6.090568065643310547e+00,-5.940200805664062500e+00,-5.675882339477539062e+00,-4.801710128784179688e+00,-5.137340545654296875e+00,-5.144844532012939453e+00,-5.220519065856933594e+00,-4.651320457458496094e+00,-4.041234970092773438e+00
-3.831583976745605469e+00,-3.523458003997802734e+00,4.320741653442382812e+00,-3.891044378280639648e+00,-4.930768013000488281e+00,-5.126515388488769531e+00,-7.141274452209472656e+00,-6.977370738983154297e+00,-6.921841621398925781e+00,-6.926323890686035156e+00,-6.695481300354003906e+00,-6.146850109100341797e+00,-6.248729705810546875e+00,-5.994041442871093750e+00,-5.781624317169189453e+00,-5.020324707031250000e+00,-5.203558444976806641e+00,-5.220519065856933594e+00,-4.911629676818847656e+00,-4.492364883422851562e+00,-3.966948509216308594e+00
-2.878463029861450195e+00,3.908304214477539062e+00,-3.816519498825073242e+00,-4.558812141418457031e+00,-5.049786090850830078e+00,-5.219421386718750000e+00,-6.451359748840332031e+00,-6.709733963012695312e+00,-6.924659252166748047e+00,-6.711130142211914062e+00,-6.218038082122802734e+00,-5.988831520080566406e+00,-5.882753849029541016e+00,-5.692191123962402344e+00,-5.476923942565917969e+00,-5.064293861389160156e+00,-5.261536598205566406e+00,-4.651320457458496094e+00,-4.492364883422851562e+00,-4.210330486297607422e+00,-3.501791954040527344e+00
3.642263889312744141e+00,-2.976247787475585938e+00,-3.964565515518188477e+00,-4.167096614837646484e+00,-4.387986660003662109e+00,-4.402767181396484375e+00,-5.509870052337646484e+00,-5.618117809295654297e+00,-5.799257278442382812e+00,-5.650971889495849609e+00,-5.694163799285888672e+00,-5.297805786132812500e+00,-5.311547279357910156e+00,-4.975826740264892578e+00,-4.868792533874511719e+00,-4.607026100158691406e+00,-4.431466102600097656e+00,-4.041234970092773438e+00,-3.966948509216308594e+00,-3.501791954040527344e+00,-2.964922904968261719e+00
